,region_code,period,price_per_pyeong,si_gun_gu
0,11110.0,2011-01,1015.2753388458185,종로구
1,11110.0,2011-02,1047.2295896814944,종로구
2,11110.0,2011-03,1004.5313483562434,종로구
3,11110.0,2011-04,1050.920231677839,종로구
4,11110.0,2011-05,1035.0370191778873,종로구
5,11110.0,2011-06,1013.8177850956729,종로구
6,11110.0,2011-07,1052.0417797050638,종로구
7,11110.0,2011-08,1086.3675942689356,종로구
8,11110.0,2011-09,1092.9089550754186,종로구
9,11110.0,2011-10,1053.884359959667,종로구
10,11110.0,2011-11,1123.0654889042364,종로구
11,11110.0,2011-12,1264.6607380604999,종로구
12,11110.0,2012-01,1232.7458841253713,종로구
13,11110.0,2012-02,1157.9263085977077,종로구
14,11110.0,2012-03,1130.3635720275315,종로구
15,11110.0,2012-04,1132.9744780227365,종로구
16,11110.0,2012-05,1139.6665410028145,종로구
17,11110.0,2012-06,1177.8398335287984,종로구
18,11110.0,2012-07,1137.5017931625887,종로구
19,11110.0,2012-08,1090.7632393216659,종로구
20,11110.0,2012-09,1166.4601689389465,종로구
21,11110.0,2012-10,1152.4277843657383,종로구
22,11110.0,2012-11,1123.3668475456425,종로구
23,11110.0,2012-12,1244.5555319164707,종로구
24,11110.0,2013-01,1198.7148003571492,종로구
25,11110.0,2013-02,1158.0704099186294,종로구
26,11110.0,2013-03,1159.6758332180884,종로구
27,11110.0,2013-04,1176.7627216689796,종로구
28,11110.0,2013-05,1217.489969247002,종로구
29,11110.0,2013-06,1180.877094691564,종로구
30,11110.0,2013-07,1266.5710618082405,종로구
31,11110.0,2013-08,1248.6048815186405,종로구
32,11110.0,2013-09,1254.8250391907816,종로구
33,11110.0,2013-10,1287.2629595576307,종로구
34,11110.0,2013-11,1245.2870347979544,종로구
35,11110.0,2013-12,1318.532430930551,종로구
36,11110.0,2014-01,1381.574947344184,종로구
37,11110.0,2014-02,1310.6789529789128,종로구
38,11110.0,2014-03,1283.1309631966242,종로구
39,11110.0,2014-04,1265.2504098219856,종로구
40,11110.0,2014-05,1339.666007660789,종로구
41,11110.0,2014-06,1368.7907018171568,종로구
42,11110.0,2014-07,1284.402330771434,종로구
43,11110.0,2014-08,1295.1224662316592,종로구
44,11110.0,2014-09,1258.910551109916,종로구
45,11110.0,2014-10,1283.9553808734104,종로구
46,11110.0,2014-11,1323.2137398078667,종로구
47,11110.0,2014-12,1321.4880071621878,종로구
48,11110.0,2015-01,1277.8657892200779,종로구
49,11110.0,2015-02,1446.2129085439785,종로구
50,11110.0,2015-03,1330.34083421804,종로구
51,11110.0,2015-04,1383.4120386907111,종로구
52,11110.0,2015-05,1307.0210912298699,종로구
53,11110.0,2015-06,1534.3330535241882,종로구
54,11110.0,2015-07,1404.8088340511856,종로구
55,11110.0,2015-08,1615.6937033879217,종로구
56,11110.0,2015-09,1534.6197414494532,종로구
57,11110.0,2015-10,1476.5241722645335,종로구
58,11110.0,2015-11,1530.6459607120778,종로구
59,11110.0,2015-12,1642.7546659446932,종로구
60,11110.0,2016-01,1611.7977617497845,종로구
61,11110.0,2016-02,1426.6744458683715,종로구
62,11110.0,2016-03,1588.7639132669194,종로구
63,11110.0,2016-04,1572.867171206533,종로구
64,11110.0,2016-05,1460.7562545020726,종로구
65,11110.0,2016-06,1497.2028929594323,종로구
66,11110.0,2016-07,1658.1232395194575,종로구
67,11110.0,2016-08,1567.8751591527719,종로구
68,11110.0,2016-09,1406.3356079454863,종로구
69,11110.0,2016-10,1490.5905707802065,종로구
70,11110.0,2016-11,1522.7288731787744,종로구
71,11110.0,2016-12,1572.0944613234792,종로구
72,11110.0,2017-01,2171.9771216511886,종로구
73,11110.0,2017-02,1971.403598469911,종로구
74,11110.0,2017-03,2158.5916052150114,종로구
75,11110.0,2017-04,2214.0212686293485,종로구
76,11110.0,2017-05,2165.1649966623645,종로구
77,11110.0,2017-06,2134.1469959821966,종로구
78,11110.0,2017-07,2213.1606024858875,종로구
79,11110.0,2017-08,2079.3478038693906,종로구
80,11110.0,2017-09,2019.3162723687096,종로구
81,11110.0,2017-10,1934.7992099982857,종로구
82,11110.0,2017-11,1970.9907053836773,종로구
83,11110.0,2017-12,2076.5224920913643,종로구
84,11110.0,2018-01,1960.1236457257214,종로구
85,11110.0,2018-02,1834.9648034207937,종로구
86,11110.0,2018-03,1666.7982730539215,종로구
87,11110.0,2018-04,1641.751597388232,종로구
88,11110.0,2018-05,1921.741884540896,종로구
89,11110.0,2018-06,1895.6918941511317,종로구
90,11110.0,2018-07,1853.0320008228193,종로구
91,11110.0,2018-08,1880.4873129966174,종로구
92,11110.0,2018-09,1837.4779659825228,종로구
93,11110.0,2018-10,1805.5879623260548,종로구
94,11110.0,2018-11,2011.574080349641,종로구
95,11110.0,2018-12,2086.674925438318,종로구
96,11110.0,2019-01,2321.3128593062625,종로구
97,11110.0,2019-02,2403.6646333894128,종로구
98,11110.0,2019-03,2368.4056877421017,종로구
99,11110.0,2019-04,2485.8387663020862,종로구
100,11110.0,2019-05,2073.7851811607347,종로구
101,11110.0,2019-06,2293.074692582694,종로구
102,11110.0,2019-07,2337.7891876593135,종로구
103,11110.0,2019-08,2234.7320429400443,종로구
104,11110.0,2019-09,2112.69048830337,종로구
105,11110.0,2019-10,2222.4164768528917,종로구
106,11110.0,2019-11,2316.629377374615,종로구
107,11110.0,2019-12,2292.148019590155,종로구
108,11110.0,2020-01,2281.720058598845,종로구
109,11110.0,2020-02,2087.0043382279287,종로구
110,11110.0,2020-03,2113.3556395378414,종로구
111,11110.0,2020-04,2042.169324906241,종로구
112,11110.0,2020-05,2078.0261198031417,종로구
113,11110.0,2020-06,2075.5700235045315,종로구
114,11110.0,2020-07,2401.723601955875,종로구
115,11110.0,2020-08,2159.764032458914,종로구
116,11110.0,2020-09,2170.036004725431,종로구
117,11140.0,2011-01,1034.2803139782811,중구
118,11140.0,2011-02,1031.8567038883582,중구
119,11140.0,2011-03,1027.3922796458708,중구
120,11140.0,2011-04,1071.548726665461,중구
121,11140.0,2011-05,1084.2298550211776,중구
122,11140.0,2011-06,1102.041571198644,중구
123,11140.0,2011-07,1103.8683150966197,중구
124,11140.0,2011-08,1099.0477034926596,중구
125,11140.0,2011-09,1135.0403938205166,중구
126,11140.0,2011-10,1124.2741586556897,중구
127,11140.0,2011-11,1134.4354865822731,중구
128,11140.0,2011-12,1144.0422547526214,중구
129,11140.0,2012-01,1253.1355586792954,중구
130,11140.0,2012-02,1182.766935911677,중구
131,11140.0,2012-03,1197.1173893290495,중구
132,11140.0,2012-04,1145.871182101967,중구
133,11140.0,2012-05,1183.7246489945853,중구
134,11140.0,2012-06,1198.9876451568537,중구
135,11140.0,2012-07,1183.4928331052863,중구
136,11140.0,2012-08,1213.5865351497753,중구
137,11140.0,2012-09,1101.2061363165722,중구
138,11140.0,2012-10,1102.8538078702254,중구
139,11140.0,2012-11,1106.288307833524,중구
140,11140.0,2012-12,1174.5742725402438,중구
141,11140.0,2013-01,1220.4344828840149,중구
142,11140.0,2013-02,1200.4316507266851,중구
143,11140.0,2013-03,1235.3931685525513,중구
144,11140.0,2013-04,1297.1720310625758,중구
145,11140.0,2013-05,1258.857259159087,중구
146,11140.0,2013-06,1208.77428217692,중구
147,11140.0,2013-07,1272.761429700036,중구
148,11140.0,2013-08,1373.3213773877244,중구
149,11140.0,2013-09,1418.2483451629157,중구
150,11140.0,2013-10,1436.0581214451145,중구
151,11140.0,2013-11,1456.9640242028738,중구
152,11140.0,2013-12,1551.2963598307094,중구
153,11140.0,2014-01,1442.9730572034578,중구
154,11140.0,2014-02,1417.6144381534102,중구
155,11140.0,2014-03,1411.4213117233926,중구
156,11140.0,2014-04,1462.9729360362137,중구
157,11140.0,2014-05,1437.0503822893627,중구
158,11140.0,2014-06,1390.442965594307,중구
159,11140.0,2014-07,1420.180755789489,중구
160,11140.0,2014-08,1402.6614126551367,중구
161,11140.0,2014-09,1428.1797695799212,중구
162,11140.0,2014-10,1456.410124451213,중구
163,11140.0,2014-11,1490.3364736930669,중구
164,11140.0,2014-12,1567.5551120085524,중구
165,11140.0,2015-01,1552.8446314310647,중구
166,11140.0,2015-02,1525.5105747418597,중구
167,11140.0,2015-03,1540.052528761926,중구
168,11140.0,2015-04,1537.3859735155372,중구
169,11140.0,2015-05,1524.6547153003942,중구
170,11140.0,2015-06,1532.2632305734517,중구
171,11140.0,2015-07,1638.535171333323,중구
172,11140.0,2015-08,1512.4053269666201,중구
173,11140.0,2015-09,1593.5275923004556,중구
174,11140.0,2015-10,1765.1198459993698,중구
175,11140.0,2015-11,1684.6106567529,중구
176,11140.0,2015-12,1814.8609473812257,중구
177,11140.0,2016-01,1804.5981988699189,중구
178,11140.0,2016-02,1613.8803836983993,중구
179,11140.0,2016-03,1548.5618961431314,중구
180,11140.0,2016-04,1783.4751178726137,중구
181,11140.0,2016-05,1621.036456804455,중구
182,11140.0,2016-06,1684.0202810065182,중구
183,11140.0,2016-07,1751.437127023081,중구
184,11140.0,2016-08,1829.4778720905092,중구
185,11140.0,2016-09,1684.5504105826783,중구
186,11140.0,2016-10,1907.674888218529,중구
187,11140.0,2016-11,1797.0090650421039,중구
188,11140.0,2016-12,1844.4737266147438,중구
189,11140.0,2017-01,1858.789919139192,중구
190,11140.0,2017-02,1868.4919687860336,중구
191,11140.0,2017-03,1795.096802338992,중구
192,11140.0,2017-04,1913.3001642178378,중구
193,11140.0,2017-05,1830.775968335176,중구
194,11140.0,2017-06,2041.810576097687,중구
195,11140.0,2017-07,2079.6004839305565,중구
196,11140.0,2017-08,2104.791606037239,중구
197,11140.0,2017-09,2094.3872788035405,중구
198,11140.0,2017-10,1987.8850116554086,중구
199,11140.0,2017-11,2086.23095076957,중구
200,11140.0,2017-12,2016.0912977600426,중구
201,11140.0,2018-01,2169.6942040632584,중구
202,11140.0,2018-02,2034.86895405836,중구
203,11140.0,2018-03,1947.1543635233184,중구
204,11140.0,2018-04,2121.027992566853,중구
205,11140.0,2018-05,2178.6900252288883,중구
206,11140.0,2018-06,2107.5893781107497,중구
207,11140.0,2018-07,2107.370208573601,중구
208,11140.0,2018-08,2149.5153998877813,중구
209,11140.0,2018-09,2026.3294700470399,중구
210,11140.0,2018-10,2113.47526879394,중구
211,11140.0,2018-11,2182.2468317220487,중구
212,11140.0,2018-12,2148.074189576236,중구
213,11140.0,2019-01,2208.0237897928405,중구
214,11140.0,2019-02,2204.41060678908,중구
215,11140.0,2019-03,2063.277445047172,중구
216,11140.0,2019-04,2164.8692346405683,중구
217,11140.0,2019-05,2128.396464113393,중구
218,11140.0,2019-06,2275.688511983168,중구
219,11140.0,2019-07,2276.0065950716803,중구
220,11140.0,2019-08,2322.5206607543673,중구
221,11140.0,2019-09,2193.7117620531244,중구
222,11140.0,2019-10,2105.838531902703,중구
223,11140.0,2019-11,2148.9664343721533,중구
224,11140.0,2019-12,2284.1364454361337,중구
225,11140.0,2020-01,2356.205288475131,중구
226,11140.0,2020-02,2211.367232170806,중구
227,11140.0,2020-03,2213.946778513272,중구
228,11140.0,2020-04,2342.4174181139315,중구
229,11140.0,2020-05,2240.7629796894576,중구
230,11140.0,2020-06,2441.650631001798,중구
231,11140.0,2020-07,2401.3392485747186,중구
232,11140.0,2020-08,2361.724874010861,중구
233,11140.0,2020-09,2400.2956971113645,중구
234,11170.0,2011-01,1162.458146839353,용산구
235,11170.0,2011-02,1160.5904794398607,용산구
236,11170.0,2011-03,1128.367675980331,용산구
237,11170.0,2011-04,1147.1487684897857,용산구
238,11170.0,2011-05,1162.8535531766995,용산구
239,11170.0,2011-06,1116.662795865651,용산구
240,11170.0,2011-07,1133.8419933992313,용산구
241,11170.0,2011-08,1134.3121759065125,용산구
242,11170.0,2011-09,1170.0358568982758,용산구
243,11170.0,2011-10,1138.85865972134,용산구
244,11170.0,2011-11,1189.5105269576413,용산구
245,11170.0,2011-12,1246.2732447070343,용산구
246,11170.0,2012-01,1153.1555822615244,용산구
247,11170.0,2012-02,1204.382953220003,용산구
248,11170.0,2012-03,1214.0127460055187,용산구
249,11170.0,2012-04,1178.651723812979,용산구
250,11170.0,2012-05,1238.4840332265055,용산구
251,11170.0,2012-06,1229.6875669262647,용산구
252,11170.0,2012-07,1194.495332845001,용산구
253,11170.0,2012-08,1240.9878600198113,용산구
254,11170.0,2012-09,1243.8026318107075,용산구
255,11170.0,2012-10,1203.9836794350458,용산구
256,11170.0,2012-11,1269.811119008628,용산구
257,11170.0,2012-12,1309.485990949745,용산구
258,11170.0,2013-01,1364.2516026925273,용산구
259,11170.0,2013-02,1325.281839736807,용산구
260,11170.0,2013-03,1271.1962251383763,용산구
261,11170.0,2013-04,1313.8589011859424,용산구
262,11170.0,2013-05,1268.81281026315,용산구
263,11170.0,2013-06,1309.9212975439018,용산구
264,11170.0,2013-07,1306.5847549784296,용산구
265,11170.0,2013-08,1323.005394074864,용산구
266,11170.0,2013-09,1323.3350235341632,용산구
267,11170.0,2013-10,1383.0420135694035,용산구
268,11170.0,2013-11,1319.0077823288893,용산구
269,11170.0,2013-12,1417.171716648761,용산구
270,11170.0,2014-01,1502.7698869131855,용산구
271,11170.0,2014-02,1487.7834284810217,용산구
272,11170.0,2014-03,1429.127846537847,용산구
273,11170.0,2014-04,1415.253661961029,용산구
274,11170.0,2014-05,1457.299917195195,용산구
275,11170.0,2014-06,1417.2162770167831,용산구
276,11170.0,2014-07,1436.4961126951898,용산구
277,11170.0,2014-08,1513.7015693135304,용산구
278,11170.0,2014-09,1434.9847446969923,용산구
279,11170.0,2014-10,1438.6411470103249,용산구
280,11170.0,2014-11,1489.97408110223,용산구
281,11170.0,2014-12,1504.4332835405664,용산구
282,11170.0,2015-01,1541.6458590916068,용산구
283,11170.0,2015-02,1548.5195166378408,용산구
284,11170.0,2015-03,1526.4860219455172,용산구
285,11170.0,2015-04,1605.2489031237014,용산구
286,11170.0,2015-05,1590.3886930638928,용산구
287,11170.0,2015-06,1606.7155616795603,용산구
288,11170.0,2015-07,1587.3971586610576,용산구
289,11170.0,2015-08,1585.407610116555,용산구
290,11170.0,2015-09,1652.2573764486183,용산구
291,11170.0,2015-10,1687.6004516785772,용산구
292,11170.0,2015-11,1676.8249383012303,용산구
293,11170.0,2015-12,1788.5089180320767,용산구
294,11170.0,2016-01,1776.3826682186161,용산구
295,11170.0,2016-02,1757.325102405162,용산구
296,11170.0,2016-03,1758.0788101166497,용산구
297,11170.0,2016-04,1834.4706545250644,용산구
298,11170.0,2016-05,1742.1650468051832,용산구
299,11170.0,2016-06,1768.0217391195972,용산구
300,11170.0,2016-07,1799.2504807646424,용산구
301,11170.0,2016-08,1800.2204932582217,용산구
302,11170.0,2016-09,1773.7927923137968,용산구
303,11170.0,2016-10,1766.614088334751,용산구
304,11170.0,2016-11,1830.2621800709558,용산구
305,11170.0,2016-12,1858.476184636578,용산구
306,11170.0,2017-01,1957.607838498061,용산구
307,11170.0,2017-02,1846.8543878466407,용산구
308,11170.0,2017-03,1839.6917580548354,용산구
309,11170.0,2017-04,1903.072092107752,용산구
310,11170.0,2017-05,1908.4958918221278,용산구
311,11170.0,2017-06,1896.132999736523,용산구
312,11170.0,2017-07,1871.0752006067994,용산구
313,11170.0,2017-08,1874.9736160559978,용산구
314,11170.0,2017-09,1997.3678907784818,용산구
315,11170.0,2017-10,1927.4822653634062,용산구
316,11170.0,2017-11,1968.550941484212,용산구
317,11170.0,2017-12,2036.9353535030045,용산구
318,11170.0,2018-01,2010.5138044869393,용산구
319,11170.0,2018-02,1967.2570675843597,용산구
320,11170.0,2018-03,1935.121333539701,용산구
321,11170.0,2018-04,2037.7020162676952,용산구
322,11170.0,2018-05,2005.3841425136668,용산구
323,11170.0,2018-06,2065.987179529233,용산구
324,11170.0,2018-07,2003.8980804896235,용산구
325,11170.0,2018-08,2000.9252440926282,용산구
326,11170.0,2018-09,2078.257074853577,용산구
327,11170.0,2018-10,1998.242915162578,용산구
328,11170.0,2018-11,2136.9518895498704,용산구
329,11170.0,2018-12,2141.7832354301913,용산구
330,11170.0,2019-01,2125.1690102128023,용산구
331,11170.0,2019-02,1984.9329776786224,용산구
332,11170.0,2019-03,2122.449631225878,용산구
333,11170.0,2019-04,2142.4073466396703,용산구
334,11170.0,2019-05,2247.69136949879,용산구
335,11170.0,2019-06,2082.5713636427413,용산구
336,11170.0,2019-07,2118.6806827130736,용산구
337,11170.0,2019-08,2094.019449963121,용산구
338,11170.0,2019-09,2159.945059711008,용산구
339,11170.0,2019-10,2087.771609528951,용산구
340,11170.0,2019-11,2123.7447177165513,용산구
341,11170.0,2019-12,2232.460974085844,용산구
342,11170.0,2020-01,2199.647934629061,용산구
343,11170.0,2020-02,2133.4425944302834,용산구
344,11170.0,2020-03,2111.3439997460996,용산구
345,11170.0,2020-04,2249.6869949535867,용산구
346,11170.0,2020-05,2220.798847865399,용산구
347,11170.0,2020-06,2247.2764440356823,용산구
348,11170.0,2020-07,2302.360800322982,용산구
349,11170.0,2020-08,2217.857288356293,용산구
350,11170.0,2020-09,2188.8994982679046,용산구
351,11200.0,2011-01,1030.3124840710573,성동구
352,11200.0,2011-02,1010.4296306821883,성동구
353,11200.0,2011-03,1034.0917895868306,성동구
354,11200.0,2011-04,1051.359293295371,성동구
355,11200.0,2011-05,1042.8613317648385,성동구
356,11200.0,2011-06,1081.4005569625917,성동구
357,11200.0,2011-07,1055.848854956954,성동구
358,11200.0,2011-08,1068.6571699607277,성동구
359,11200.0,2011-09,1113.3776595249085,성동구
360,11200.0,2011-10,1115.909819765626,성동구
361,11200.0,2011-11,1128.4770474782667,성동구
362,11200.0,2011-12,1134.2660854292535,성동구
363,11200.0,2012-01,1139.3922840725825,성동구
364,11200.0,2012-02,1138.7357557687574,성동구
365,11200.0,2012-03,1154.8011702718109,성동구
366,11200.0,2012-04,1167.8750909900718,성동구
367,11200.0,2012-05,1182.0023020880535,성동구
368,11200.0,2012-06,1157.746861077164,성동구
369,11200.0,2012-07,1197.3433180783682,성동구
370,11200.0,2012-08,1176.966068781265,성동구
371,11200.0,2012-09,1125.8904124932446,성동구
372,11200.0,2012-10,1122.438032419455,성동구
373,11200.0,2012-11,1118.146730635852,성동구
374,11200.0,2012-12,1151.01402985713,성동구
375,11200.0,2013-01,1192.1690441140186,성동구
376,11200.0,2013-02,1155.800177203381,성동구
377,11200.0,2013-03,1189.308610806119,성동구
378,11200.0,2013-04,1194.2911040689746,성동구
379,11200.0,2013-05,1228.1858781093215,성동구
380,11200.0,2013-06,1226.5773012218342,성동구
381,11200.0,2013-07,1256.9599198424726,성동구
382,11200.0,2013-08,1276.064953950989,성동구
383,11200.0,2013-09,1294.884593719789,성동구
384,11200.0,2013-10,1264.5482254421559,성동구
385,11200.0,2013-11,1361.6354553907722,성동구
386,11200.0,2013-12,1368.6533954465604,성동구
387,11200.0,2014-01,1428.3648089185003,성동구
388,11200.0,2014-02,1434.4564530433222,성동구
389,11200.0,2014-03,1401.7295879661542,성동구
390,11200.0,2014-04,1411.7208874054843,성동구
391,11200.0,2014-05,1414.8519407781455,성동구
392,11200.0,2014-06,1469.4054927739649,성동구
393,11200.0,2014-07,1423.6313220197949,성동구
394,11200.0,2014-08,1466.0588365875901,성동구
395,11200.0,2014-09,1438.9710261359876,성동구
396,11200.0,2014-10,1448.3316177383144,성동구
397,11200.0,2014-11,1459.0598313895823,성동구
398,11200.0,2014-12,1463.001257119378,성동구
399,11200.0,2015-01,1563.4398680345805,성동구
400,11200.0,2015-02,1578.2156601360462,성동구
401,11200.0,2015-03,1580.8704799431741,성동구
402,11200.0,2015-04,1578.139490787539,성동구
403,11200.0,2015-05,1599.514409058276,성동구
404,11200.0,2015-06,1576.05639250313,성동구
405,11200.0,2015-07,1602.800333476918,성동구
406,11200.0,2015-08,1619.1832623424812,성동구
407,11200.0,2015-09,1578.9651379023796,성동구
408,11200.0,2015-10,1684.7029126673458,성동구
409,11200.0,2015-11,1723.9645841741299,성동구
410,11200.0,2015-12,1746.6375941775339,성동구
411,11200.0,2016-01,1788.6797691447844,성동구
412,11200.0,2016-02,1727.084888720432,성동구
413,11200.0,2016-03,1728.9863234597187,성동구
414,11200.0,2016-04,1825.4759007910304,성동구
415,11200.0,2016-05,1821.6761653998337,성동구
416,11200.0,2016-06,1798.808141360574,성동구
417,11200.0,2016-07,1770.3932607872655,성동구
418,11200.0,2016-08,1822.6859412694391,성동구
419,11200.0,2016-09,1863.2285151844123,성동구
420,11200.0,2016-10,1997.5988607757017,성동구
421,11200.0,2016-11,1980.2710223116155,성동구
422,11200.0,2016-12,1957.0389147911158,성동구
423,11200.0,2017-01,2051.424827256011,성동구
424,11200.0,2017-02,1987.6077966236462,성동구
425,11200.0,2017-03,1987.9419546982847,성동구
426,11200.0,2017-04,1941.3373851363588,성동구
427,11200.0,2017-05,2009.1360377514616,성동구
428,11200.0,2017-06,1995.5142948165326,성동구
429,11200.0,2017-07,2013.409890287803,성동구
430,11200.0,2017-08,2027.4818554573906,성동구
431,11200.0,2017-09,1967.462671457269,성동구
432,11200.0,2017-10,1983.5144895480755,성동구
433,11200.0,2017-11,2000.9762041698639,성동구
434,11200.0,2017-12,2016.8491475931264,성동구
435,11200.0,2018-01,2188.2303037546644,성동구
436,11200.0,2018-02,2174.7396616315414,성동구
437,11200.0,2018-03,2149.898770346528,성동구
438,11200.0,2018-04,2145.4322151576025,성동구
439,11200.0,2018-05,2160.28295908139,성동구
440,11200.0,2018-06,2091.9041391422043,성동구
441,11200.0,2018-07,2165.468282398308,성동구
442,11200.0,2018-08,2175.2199812329322,성동구
443,11200.0,2018-09,2223.7714745468224,성동구
444,11200.0,2018-10,2157.3044570523753,성동구
445,11200.0,2018-11,2287.4503009171976,성동구
446,11200.0,2018-12,2278.9065540761853,성동구
447,11200.0,2019-01,2284.8670397124265,성동구
448,11200.0,2019-02,2221.2607814948965,성동구
449,11200.0,2019-03,2137.302846047473,성동구
450,11200.0,2019-04,2206.6572073244083,성동구
451,11200.0,2019-05,2192.8033785684765,성동구
452,11200.0,2019-06,2231.245306820667,성동구
453,11200.0,2019-07,2161.694548293461,성동구
454,11200.0,2019-08,2207.6779087534173,성동구
455,11200.0,2019-09,2235.984624567101,성동구
456,11200.0,2019-10,2223.486280899842,성동구
457,11200.0,2019-11,2301.55100735919,성동구
458,11200.0,2019-12,2374.0596290316003,성동구
459,11200.0,2020-01,2337.376485695111,성동구
460,11200.0,2020-02,2482.465157146126,성동구
461,11200.0,2020-03,2367.510912887359,성동구
462,11200.0,2020-04,2379.650443268265,성동구
463,11200.0,2020-05,2407.9130862051775,성동구
464,11200.0,2020-06,2544.456064865329,성동구
465,11200.0,2020-07,2516.9141058626715,성동구
466,11200.0,2020-08,2542.9233305689713,성동구
467,11200.0,2020-09,2446.7764695147794,성동구
468,11215.0,2011-01,1108.5989854953189,광진구
469,11215.0,2011-02,1120.0102183385147,광진구
470,11215.0,2011-03,1084.0219965418357,광진구
471,11215.0,2011-04,1112.1652775278826,광진구
472,11215.0,2011-05,1129.2935771012503,광진구
473,11215.0,2011-06,1165.0798906456098,광진구
474,11215.0,2011-07,1190.3174580560333,광진구
475,11215.0,2011-08,1185.8475721841394,광진구
476,11215.0,2011-09,1238.0945928500269,광진구
477,11215.0,2011-10,1233.926210139785,광진구
478,11215.0,2011-11,1249.696484069977,광진구
479,11215.0,2011-12,1252.709110251583,광진구
480,11215.0,2012-01,1263.5286804330142,광진구
481,11215.0,2012-02,1241.9071054285691,광진구
482,11215.0,2012-03,1246.5073962529336,광진구
483,11215.0,2012-04,1252.2398539421765,광진구
484,11215.0,2012-05,1249.4288731507256,광진구
485,11215.0,2012-06,1245.9971928443267,광진구
486,11215.0,2012-07,1218.4820417035453,광진구
487,11215.0,2012-08,1245.105926799527,광진구
488,11215.0,2012-09,1239.8375567937112,광진구
489,11215.0,2012-10,1265.9897332884425,광진구
490,11215.0,2012-11,1279.8534637014632,광진구
491,11215.0,2012-12,1303.3195874206879,광진구
492,11215.0,2013-01,1325.4693718102774,광진구
493,11215.0,2013-02,1308.4198773984474,광진구
494,11215.0,2013-03,1304.8448835476797,광진구
495,11215.0,2013-04,1299.6565039992552,광진구
496,11215.0,2013-05,1321.7081894846049,광진구
497,11215.0,2013-06,1306.2020972402581,광진구
498,11215.0,2013-07,1313.4169957448237,광진구
499,11215.0,2013-08,1396.172898995471,광진구
500,11215.0,2013-09,1370.2101918027033,광진구
501,11215.0,2013-10,1423.3679564464367,광진구
502,11215.0,2013-11,1408.6627767969862,광진구
503,11215.0,2013-12,1492.293075074052,광진구
504,11215.0,2014-01,1452.5549447105404,광진구
505,11215.0,2014-02,1481.7201697719338,광진구
506,11215.0,2014-03,1493.6269460131089,광진구
507,11215.0,2014-04,1533.8892662721887,광진구
508,11215.0,2014-05,1513.2271763686733,광진구
509,11215.0,2014-06,1498.4896161935837,광진구
510,11215.0,2014-07,1517.5797905877012,광진구
511,11215.0,2014-08,1530.087221019939,광진구
512,11215.0,2014-09,1547.7352157567825,광진구
513,11215.0,2014-10,1543.0328023465506,광진구
514,11215.0,2014-11,1579.9629032115997,광진구
515,11215.0,2014-12,1583.5848727425753,광진구
516,11215.0,2015-01,1580.2423528678826,광진구
517,11215.0,2015-02,1595.353124076413,광진구
518,11215.0,2015-03,1596.828329871095,광진구
519,11215.0,2015-04,1614.6730037265168,광진구
520,11215.0,2015-05,1687.2005485724733,광진구
521,11215.0,2015-06,1698.1939503537567,광진구
522,11215.0,2015-07,1694.438646616708,광진구
523,11215.0,2015-08,1718.1117615570674,광진구
524,11215.0,2015-09,1696.854982561311,광진구
525,11215.0,2015-10,1737.971374563222,광진구
526,11215.0,2015-11,1790.4045972048448,광진구
527,11215.0,2015-12,1888.5026398554849,광진구
528,11215.0,2016-01,1775.4880080943183,광진구
529,11215.0,2016-02,1818.1201628081158,광진구
530,11215.0,2016-03,1731.602015861497,광진구
531,11215.0,2016-04,1862.3778166235281,광진구
532,11215.0,2016-05,1806.6094425154606,광진구
533,11215.0,2016-06,1845.4400419488063,광진구
534,11215.0,2016-07,1824.3412351736142,광진구
535,11215.0,2016-08,1860.8598159272638,광진구
536,11215.0,2016-09,1854.7837670723356,광진구
537,11215.0,2016-10,1870.8147201241911,광진구
538,11215.0,2016-11,1925.9591275511048,광진구
539,11215.0,2016-12,1969.4691483384627,광진구
540,11215.0,2017-01,1927.6201114219618,광진구
541,11215.0,2017-02,1867.0115732828822,광진구
542,11215.0,2017-03,1857.2995383370653,광진구
543,11215.0,2017-04,1845.860942150652,광진구
544,11215.0,2017-05,1927.715890755628,광진구
545,11215.0,2017-06,1907.0108441112957,광진구
546,11215.0,2017-07,1904.3572307169088,광진구
547,11215.0,2017-08,1920.530844242743,광진구
548,11215.0,2017-09,2008.7716684719476,광진구
549,11215.0,2017-10,1991.4587525873944,광진구
550,11215.0,2017-11,2131.7484194678273,광진구
551,11215.0,2017-12,2078.2826354157637,광진구
552,11215.0,2018-01,2069.1872519079648,광진구
553,11215.0,2018-02,1966.0994179324591,광진구
554,11215.0,2018-03,2023.4200084218467,광진구
555,11215.0,2018-04,2055.0600259892913,광진구
556,11215.0,2018-05,2033.7238455237496,광진구
557,11215.0,2018-06,1985.6264132361919,광진구
558,11215.0,2018-07,2041.0048813655271,광진구
559,11215.0,2018-08,2181.021379457179,광진구
560,11215.0,2018-09,2135.1987801095665,광진구
561,11215.0,2018-10,2178.1331440558006,광진구
562,11215.0,2018-11,2150.362786594159,광진구
563,11215.0,2018-12,2025.8095380585546,광진구
564,11215.0,2019-01,2018.644017784591,광진구
565,11215.0,2019-02,1997.7644191917616,광진구
566,11215.0,2019-03,1976.9355629466895,광진구
567,11215.0,2019-04,2053.4755244340454,광진구
568,11215.0,2019-05,2072.462077432171,광진구
569,11215.0,2019-06,2024.1583644636905,광진구
570,11215.0,2019-07,2047.8511528881922,광진구
571,11215.0,2019-08,2107.9989538139043,광진구
572,11215.0,2019-09,2157.3596477696897,광진구
573,11215.0,2019-10,2181.3918560860725,광진구
574,11215.0,2019-11,2242.8484933521304,광진구
575,11215.0,2019-12,2216.519002101927,광진구
576,11215.0,2020-01,2190.1408482579823,광진구
577,11215.0,2020-02,2253.010786922783,광진구
578,11215.0,2020-03,2144.635994597335,광진구
579,11215.0,2020-04,2130.298363711333,광진구
580,11215.0,2020-05,2233.0798875930454,광진구
581,11215.0,2020-06,2327.377646354057,광진구
582,11215.0,2020-07,2335.285357663524,광진구
583,11215.0,2020-08,2407.6218983653084,광진구
584,11215.0,2020-09,2375.52761085171,광진구
585,11230.0,2011-01,833.2187270626525,동대문구
586,11230.0,2011-02,823.6073712241835,동대문구
587,11230.0,2011-03,830.8612353901665,동대문구
588,11230.0,2011-04,842.4183365727708,동대문구
589,11230.0,2011-05,853.1095129521999,동대문구
590,11230.0,2011-06,862.9194778716709,동대문구
591,11230.0,2011-07,837.8396339031624,동대문구
592,11230.0,2011-08,861.0456261624873,동대문구
593,11230.0,2011-09,914.5392204335157,동대문구
594,11230.0,2011-10,938.0225298095911,동대문구
595,11230.0,2011-11,895.6279838262352,동대문구
596,11230.0,2011-12,938.4214846365828,동대문구
597,11230.0,2012-01,988.2937887628858,동대문구
598,11230.0,2012-02,975.3708787680034,동대문구
599,11230.0,2012-03,980.8160957577583,동대문구
600,11230.0,2012-04,929.7180334293578,동대문구
601,11230.0,2012-05,935.811012904327,동대문구
602,11230.0,2012-06,932.5523623287944,동대문구
603,11230.0,2012-07,930.5808032630445,동대문구
604,11230.0,2012-08,979.7636891000318,동대문구
605,11230.0,2012-09,965.5328074988707,동대문구
606,11230.0,2012-10,938.9552025667379,동대문구
607,11230.0,2012-11,974.1450491342782,동대문구
608,11230.0,2012-12,980.4765700019686,동대문구
609,11230.0,2013-01,990.1213469933839,동대문구
610,11230.0,2013-02,955.4619002353561,동대문구
611,11230.0,2013-03,960.4231697114375,동대문구
612,11230.0,2013-04,959.5128758517179,동대문구
613,11230.0,2013-05,955.535322252477,동대문구
614,11230.0,2013-06,968.9846428754553,동대문구
615,11230.0,2013-07,957.5028038200788,동대문구
616,11230.0,2013-08,1006.5851215034207,동대문구
617,11230.0,2013-09,1032.2720546232656,동대문구
618,11230.0,2013-10,1057.5427234754513,동대문구
619,11230.0,2013-11,1078.063190992117,동대문구
620,11230.0,2013-12,1055.9626524157154,동대문구
621,11230.0,2014-01,1072.0695301371395,동대문구
622,11230.0,2014-02,1087.0626054193724,동대문구
623,11230.0,2014-03,1124.1917624478315,동대문구
624,11230.0,2014-04,1086.2184719871136,동대문구
625,11230.0,2014-05,1090.4451763648872,동대문구
626,11230.0,2014-06,1166.4221834760785,동대문구
627,11230.0,2014-07,1104.5544417394788,동대문구
628,11230.0,2014-08,1168.6734419125135,동대문구
629,11230.0,2014-09,1144.6112897374912,동대문구
630,11230.0,2014-10,1152.013212847746,동대문구
631,11230.0,2014-11,1151.489156540832,동대문구
632,11230.0,2014-12,1147.3653938047153,동대문구
633,11230.0,2015-01,1155.4413178996303,동대문구
634,11230.0,2015-02,1171.9854846766002,동대문구
635,11230.0,2015-03,1190.3613677017795,동대문구
636,11230.0,2015-04,1224.5722616862547,동대문구
637,11230.0,2015-05,1240.5995508324338,동대문구
638,11230.0,2015-06,1211.7350067670184,동대문구
639,11230.0,2015-07,1130.765198340522,동대문구
640,11230.0,2015-08,1234.5967273103258,동대문구
641,11230.0,2015-09,1296.0506097070493,동대문구
642,11230.0,2015-10,1322.1684629517172,동대문구
643,11230.0,2015-11,1326.3229869383144,동대문구
644,11230.0,2015-12,1349.2381904716303,동대문구
645,11230.0,2016-01,1424.2086067457326,동대문구
646,11230.0,2016-02,1413.9502094438988,동대문구
647,11230.0,2016-03,1334.212180558515,동대문구
648,11230.0,2016-04,1306.8839286970224,동대문구
649,11230.0,2016-05,1383.8297301557388,동대문구
650,11230.0,2016-06,1403.8440291014617,동대문구
651,11230.0,2016-07,1414.4938063130003,동대문구
652,11230.0,2016-08,1484.1935704222478,동대문구
653,11230.0,2016-09,1467.3631854912965,동대문구
654,11230.0,2016-10,1521.7145754585395,동대문구
655,11230.0,2016-11,1377.4769208630164,동대문구
656,11230.0,2016-12,1443.1720032111316,동대문구
657,11230.0,2017-01,1517.4390982164152,동대문구
658,11230.0,2017-02,1400.1026896859312,동대문구
659,11230.0,2017-03,1395.1995765799427,동대문구
660,11230.0,2017-04,1446.202403747099,동대문구
661,11230.0,2017-05,1445.95766407275,동대문구
662,11230.0,2017-06,1577.6306576248223,동대문구
663,11230.0,2017-07,1496.9807565091414,동대문구
664,11230.0,2017-08,1531.2450396566387,동대문구
665,11230.0,2017-09,1459.8570118527427,동대문구
666,11230.0,2017-10,1574.131402625889,동대문구
667,11230.0,2017-11,1548.1067637126503,동대문구
668,11230.0,2017-12,1643.2970820695082,동대문구
669,11230.0,2018-01,1665.5899052830396,동대문구
670,11230.0,2018-02,1625.120092617455,동대문구
671,11230.0,2018-03,1638.2651142873576,동대문구
672,11230.0,2018-04,1626.9677133017387,동대문구
673,11230.0,2018-05,1621.2994538440869,동대문구
674,11230.0,2018-06,1765.1198157510269,동대문구
675,11230.0,2018-07,1743.632202795989,동대문구
676,11230.0,2018-08,1690.8799043312183,동대문구
677,11230.0,2018-09,1721.5005350060114,동대문구
678,11230.0,2018-10,1728.7159687417616,동대문구
679,11230.0,2018-11,1812.7075465785658,동대문구
680,11230.0,2018-12,1669.5348012019879,동대문구
681,11230.0,2019-01,1787.9241777477462,동대문구
682,11230.0,2019-02,1810.0050793811292,동대문구
683,11230.0,2019-03,1793.1036527550782,동대문구
684,11230.0,2019-04,1823.447896888587,동대문구
685,11230.0,2019-05,1699.4706307784484,동대문구
686,11230.0,2019-06,1682.3907082752792,동대문구
687,11230.0,2019-07,1656.9300053761199,동대문구
688,11230.0,2019-08,1754.4253290789366,동대문구
689,11230.0,2019-09,1738.461017919272,동대문구
690,11230.0,2019-10,1764.8878106896839,동대문구
691,11230.0,2019-11,1762.4130911361967,동대문구
692,11230.0,2019-12,1865.1829427203854,동대문구
693,11230.0,2020-01,1888.7088113791374,동대문구
694,11230.0,2020-02,1919.0368842737487,동대문구
695,11230.0,2020-03,1868.5814278912017,동대문구
696,11230.0,2020-04,1905.9886741404662,동대문구
697,11230.0,2020-05,1960.432977004606,동대문구
698,11230.0,2020-06,2016.9816062785458,동대문구
699,11230.0,2020-07,2086.5642553469156,동대문구
700,11230.0,2020-08,2133.982208311087,동대문구
701,11230.0,2020-09,2057.9931743794714,동대문구
702,11260.0,2011-01,747.9127170573302,중랑구
703,11260.0,2011-02,783.3582175962495,중랑구
704,11260.0,2011-03,768.5942674004212,중랑구
705,11260.0,2011-04,765.0600634780321,중랑구
706,11260.0,2011-05,765.7745096940428,중랑구
707,11260.0,2011-06,775.5346471895487,중랑구
708,11260.0,2011-07,805.7533231286334,중랑구
709,11260.0,2011-08,807.1390749036449,중랑구
710,11260.0,2011-09,825.3894010263118,중랑구
711,11260.0,2011-10,849.1445645215199,중랑구
712,11260.0,2011-11,842.3862339940673,중랑구
713,11260.0,2011-12,847.3126059530014,중랑구
714,11260.0,2012-01,863.5642485464302,중랑구
715,11260.0,2012-02,846.9506281336905,중랑구
716,11260.0,2012-03,730.9465871103672,중랑구
717,11260.0,2012-04,827.6802440480185,중랑구
718,11260.0,2012-05,825.884262830741,중랑구
719,11260.0,2012-06,850.3140560116132,중랑구
720,11260.0,2012-07,833.4612660476382,중랑구
721,11260.0,2012-08,861.3947580778052,중랑구
722,11260.0,2012-09,864.9766619876808,중랑구
723,11260.0,2012-10,863.6919497312576,중랑구
724,11260.0,2012-11,864.4451827061655,중랑구
725,11260.0,2012-12,875.6784185560703,중랑구
726,11260.0,2013-01,884.9505413042851,중랑구
727,11260.0,2013-02,858.0847670986412,중랑구
728,11260.0,2013-03,879.2753041221857,중랑구
729,11260.0,2013-04,874.4950714350773,중랑구
730,11260.0,2013-05,883.6057022228287,중랑구
731,11260.0,2013-06,871.6925720892946,중랑구
732,11260.0,2013-07,895.4688721731732,중랑구
733,11260.0,2013-08,934.3575181871723,중랑구
734,11260.0,2013-09,942.6834534394418,중랑구
735,11260.0,2013-10,842.4174331483854,중랑구
736,11260.0,2013-11,899.6144705291009,중랑구
737,11260.0,2013-12,930.2705902902107,중랑구
738,11260.0,2014-01,904.6396082395619,중랑구
739,11260.0,2014-02,918.8141514454248,중랑구
740,11260.0,2014-03,815.1850654230235,중랑구
741,11260.0,2014-04,919.0388714038888,중랑구
742,11260.0,2014-05,956.7469666747577,중랑구
743,11260.0,2014-06,971.8214234796172,중랑구
744,11260.0,2014-07,948.8650678930285,중랑구
745,11260.0,2014-08,987.05790392728,중랑구
746,11260.0,2014-09,985.9093795028863,중랑구
747,11260.0,2014-10,1002.7488038702404,중랑구
748,11260.0,2014-11,988.4336883584003,중랑구
749,11260.0,2014-12,1011.2736796253669,중랑구
750,11260.0,2015-01,1038.723626610667,중랑구
751,11260.0,2015-02,1054.2155203459934,중랑구
752,11260.0,2015-03,1075.7006910512134,중랑구
753,11260.0,2015-04,1077.930171173844,중랑구
754,11260.0,2015-05,1119.3318213546756,중랑구
755,11260.0,2015-06,1109.5149350865631,중랑구
756,11260.0,2015-07,1166.267755158126,중랑구
757,11260.0,2015-08,1213.2894934445476,중랑구
758,11260.0,2015-09,1207.5481786258538,중랑구
759,11260.0,2015-10,1229.1056308413442,중랑구
760,11260.0,2015-11,1195.5973801787948,중랑구
761,11260.0,2015-12,1230.7230092920527,중랑구
762,11260.0,2016-01,1239.7065084651304,중랑구
763,11260.0,2016-02,980.9347982479354,중랑구
764,11260.0,2016-03,928.0457084474718,중랑구
765,11260.0,2016-04,1165.048427971267,중랑구
766,11260.0,2016-05,1198.4517036679663,중랑구
767,11260.0,2016-06,1202.0765396025865,중랑구
768,11260.0,2016-07,1239.2194209492877,중랑구
769,11260.0,2016-08,974.4000832043995,중랑구
770,11260.0,2016-09,1230.9217446708105,중랑구
771,11260.0,2016-10,1258.0970549669328,중랑구
772,11260.0,2016-11,1260.0720262928494,중랑구
773,11260.0,2016-12,1264.1236765083813,중랑구
774,11260.0,2017-01,1292.1551539402312,중랑구
775,11260.0,2017-02,1275.69476247777,중랑구
776,11260.0,2017-03,1338.3628121418528,중랑구
777,11260.0,2017-04,1318.514232504553,중랑구
778,11260.0,2017-05,1374.8220232588797,중랑구
779,11260.0,2017-06,1403.5008269242028,중랑구
780,11260.0,2017-07,1355.383901264172,중랑구
781,11260.0,2017-08,1346.5977147823905,중랑구
782,11260.0,2017-09,1353.4487499227585,중랑구
783,11260.0,2017-10,1337.8588960493694,중랑구
784,11260.0,2017-11,1339.7514283596272,중랑구
785,11260.0,2017-12,1279.0361178725732,중랑구
786,11260.0,2018-01,1321.4851469035991,중랑구
787,11260.0,2018-02,1058.7718761265426,중랑구
788,11260.0,2018-03,1032.6752665212582,중랑구
789,11260.0,2018-04,1231.708213981904,중랑구
790,11260.0,2018-05,1312.3562456987222,중랑구
791,11260.0,2018-06,1281.8234930619258,중랑구
792,11260.0,2018-07,1314.907599846899,중랑구
793,11260.0,2018-08,1091.6442827165997,중랑구
794,11260.0,2018-09,1363.925300672064,중랑구
795,11260.0,2018-10,1373.7285733588794,중랑구
796,11260.0,2018-11,1407.3615701025335,중랑구
797,11260.0,2018-12,1458.9268479554705,중랑구
798,11260.0,2019-01,1472.0175637209313,중랑구
799,11260.0,2019-02,1433.4559992451407,중랑구
800,11260.0,2019-03,1419.9689328142542,중랑구
801,11260.0,2019-04,1467.0320458160022,중랑구
802,11260.0,2019-05,1606.1261470894271,중랑구
803,11260.0,2019-06,1846.455036744932,중랑구
804,11260.0,2019-07,1598.9547223951975,중랑구
805,11260.0,2019-08,1538.176140804258,중랑구
806,11260.0,2019-09,1513.676894006255,중랑구
807,11260.0,2019-10,1506.7915102218508,중랑구
808,11260.0,2019-11,1584.4437301646733,중랑구
809,11260.0,2019-12,1551.8374981326208,중랑구
810,11260.0,2020-01,1673.204900661359,중랑구
811,11260.0,2020-02,1304.8364921532902,중랑구
812,11260.0,2020-03,1226.1179940317684,중랑구
813,11260.0,2020-04,1435.020625291329,중랑구
814,11260.0,2020-05,1722.9020509120323,중랑구
815,11260.0,2020-06,1625.1709017965127,중랑구
816,11260.0,2020-07,1646.692137996426,중랑구
817,11260.0,2020-08,1276.7709146282086,중랑구
818,11260.0,2020-09,2116.8036800139325,중랑구
819,11290.0,2011-01,820.0745502013477,성북구
820,11290.0,2011-02,823.6948850452088,성북구
821,11290.0,2011-03,840.7374387643476,성북구
822,11290.0,2011-04,850.2771566591132,성북구
823,11290.0,2011-05,878.6856329890312,성북구
824,11290.0,2011-06,861.5199741983578,성북구
825,11290.0,2011-07,877.8494447101127,성북구
826,11290.0,2011-08,902.0711670278397,성북구
827,11290.0,2011-09,942.2319657835405,성북구
828,11290.0,2011-10,936.9631940875171,성북구
829,11290.0,2011-11,949.3317785267087,성북구
830,11290.0,2011-12,921.4439705206652,성북구
831,11290.0,2012-01,922.0469364146218,성북구
832,11290.0,2012-02,936.0394112490749,성북구
833,11290.0,2012-03,922.4876370131394,성북구
834,11290.0,2012-04,927.0691761594788,성북구
835,11290.0,2012-05,931.7560520521812,성북구
836,11290.0,2012-06,949.4320832476636,성북구
837,11290.0,2012-07,974.2379852512572,성북구
838,11290.0,2012-08,947.2232385269032,성북구
839,11290.0,2012-09,968.3280413863622,성북구
840,11290.0,2012-10,963.4984673832299,성북구
841,11290.0,2012-11,949.9570704871564,성북구
842,11290.0,2012-12,965.1988355101978,성북구
843,11290.0,2013-01,963.6399053729439,성북구
844,11290.0,2013-02,964.8228126461524,성북구
845,11290.0,2013-03,976.4205298483672,성북구
846,11290.0,2013-04,950.5251589792764,성북구
847,11290.0,2013-05,984.7732889600042,성북구
848,11290.0,2013-06,997.2579073915745,성북구
849,11290.0,2013-07,984.7022673685724,성북구
850,11290.0,2013-08,1018.2841738321818,성북구
851,11290.0,2013-09,1064.082605878605,성북구
852,11290.0,2013-10,1073.7085141542864,성북구
853,11290.0,2013-11,1089.8728138595338,성북구
854,11290.0,2013-12,1132.324043236854,성북구
855,11290.0,2014-01,1118.5939680984077,성북구
856,11290.0,2014-02,1117.1535232885958,성북구
857,11290.0,2014-03,1109.093806487579,성북구
858,11290.0,2014-04,1150.1938468882256,성북구
859,11290.0,2014-05,1109.7501449633653,성북구
860,11290.0,2014-06,1096.7358608100851,성북구
861,11290.0,2014-07,1136.7835723912553,성북구
862,11290.0,2014-08,1163.6754471871732,성북구
863,11290.0,2014-09,1151.7027093538602,성북구
864,11290.0,2014-10,1177.7127853935774,성북구
865,11290.0,2014-11,1123.5601950341572,성북구
866,11290.0,2014-12,1180.8209545240693,성북구
867,11290.0,2015-01,1195.5644172584502,성북구
868,11290.0,2015-02,1183.2101021029932,성북구
869,11290.0,2015-03,1208.136703737071,성북구
870,11290.0,2015-04,1242.9942084948948,성북구
871,11290.0,2015-05,1278.4211123643317,성북구
872,11290.0,2015-06,1270.7466608660084,성북구
873,11290.0,2015-07,1296.8741691005928,성북구
874,11290.0,2015-08,1367.0444141619098,성북구
875,11290.0,2015-09,1367.4566518147553,성북구
876,11290.0,2015-10,1447.3691509826672,성북구
877,11290.0,2015-11,1440.3282286466215,성북구
878,11290.0,2015-12,1464.2472627430102,성북구
879,11290.0,2016-01,1441.8410444429685,성북구
880,11290.0,2016-02,1448.212689341057,성북구
881,11290.0,2016-03,1438.3175627469368,성북구
882,11290.0,2016-04,1451.231411224466,성북구
883,11290.0,2016-05,1429.1256027977786,성북구
884,11290.0,2016-06,1444.6688893586215,성북구
885,11290.0,2016-07,1443.6485030693227,성북구
886,11290.0,2016-08,1488.5362363438173,성북구
887,11290.0,2016-09,1540.6373065438788,성북구
888,11290.0,2016-10,1501.9467264510758,성북구
889,11290.0,2016-11,1525.679016947194,성북구
890,11290.0,2016-12,1514.3050328417662,성북구
891,11290.0,2017-01,1506.5655857403121,성북구
892,11290.0,2017-02,1546.1228504760834,성북구
893,11290.0,2017-03,1482.358115974111,성북구
894,11290.0,2017-04,1468.6945175074836,성북구
895,11290.0,2017-05,1483.5226239009405,성북구
896,11290.0,2017-06,1519.2576457450737,성북구
897,11290.0,2017-07,1503.4307210660918,성북구
898,11290.0,2017-08,1532.013476872752,성북구
899,11290.0,2017-09,1501.6790230199526,성북구
900,11290.0,2017-10,1539.4540809072369,성북구
901,11290.0,2017-11,1545.0226100240607,성북구
902,11290.0,2017-12,1631.9670584902913,성북구
903,11290.0,2018-01,1638.1548995887135,성북구
904,11290.0,2018-02,1637.9798931845544,성북구
905,11290.0,2018-03,1615.4247774843702,성북구
906,11290.0,2018-04,1561.4837542852858,성북구
907,11290.0,2018-05,1586.6197053990527,성북구
908,11290.0,2018-06,1592.3089830920849,성북구
909,11290.0,2018-07,1614.50773328555,성북구
910,11290.0,2018-08,1587.257672306108,성북구
911,11290.0,2018-09,1625.848574472629,성북구
912,11290.0,2018-10,1649.8903399421185,성북구
913,11290.0,2018-11,1610.9189703835102,성북구
914,11290.0,2018-12,1614.0860380969937,성북구
915,11290.0,2019-01,1703.2965486919688,성북구
916,11290.0,2019-02,1676.5888935449645,성북구
917,11290.0,2019-03,1651.8225294689792,성북구
918,11290.0,2019-04,1642.3191502124237,성북구
919,11290.0,2019-05,1589.3092168446658,성북구
920,11290.0,2019-06,1564.5462243884456,성북구
921,11290.0,2019-07,1601.940888073049,성북구
922,11290.0,2019-08,1605.427551857228,성북구
923,11290.0,2019-09,1587.730377332991,성북구
924,11290.0,2019-10,1660.8857879025802,성북구
925,11290.0,2019-11,1705.0789281806788,성북구
926,11290.0,2019-12,1773.5084758828762,성북구
927,11290.0,2020-01,1776.6835121805957,성북구
928,11290.0,2020-02,1762.6592147213594,성북구
929,11290.0,2020-03,1757.0789863455077,성북구
930,11290.0,2020-04,1728.486468596454,성북구
931,11290.0,2020-05,1749.5275866145275,성북구
932,11290.0,2020-06,1745.0089162483416,성북구
933,11290.0,2020-07,1909.1867362307719,성북구
934,11290.0,2020-08,1876.7249389973401,성북구
935,11290.0,2020-09,1909.0151191284626,성북구
936,11305.0,2011-01,667.1704341250384,강북구
937,11305.0,2011-02,670.5560004160975,강북구
938,11305.0,2011-03,713.7850966770426,강북구
939,11305.0,2011-04,704.9728138513149,강북구
940,11305.0,2011-05,713.9857499176852,강북구
941,11305.0,2011-06,726.5925111047218,강북구
942,11305.0,2011-07,749.4267323457873,강북구
943,11305.0,2011-08,781.2095101636736,강북구
944,11305.0,2011-09,803.7949746761852,강북구
945,11305.0,2011-10,773.9033450388449,강북구
946,11305.0,2011-11,815.9362899735899,강북구
947,11305.0,2011-12,778.5097231647859,강북구
948,11305.0,2012-01,754.1602562386751,강북구
949,11305.0,2012-02,777.3426628489865,강북구
950,11305.0,2012-03,790.4621833198634,강북구
951,11305.0,2012-04,793.5561689984047,강북구
952,11305.0,2012-05,826.1753087118293,강북구
953,11305.0,2012-06,816.6992892899307,강북구
954,11305.0,2012-07,797.3938962955318,강북구
955,11305.0,2012-08,814.9895717658545,강북구
956,11305.0,2012-09,817.7961499018382,강북구
957,11305.0,2012-10,808.645284449475,강북구
958,11305.0,2012-11,816.8284027436781,강북구
959,11305.0,2012-12,792.6753328881407,강북구
960,11305.0,2013-01,826.6534545439256,강북구
961,11305.0,2013-02,814.2692361955316,강북구
962,11305.0,2013-03,814.0657107319538,강북구
963,11305.0,2013-04,828.1518600471836,강북구
964,11305.0,2013-05,849.8182040646647,강북구
965,11305.0,2013-06,818.2981885981296,강북구
966,11305.0,2013-07,854.2452804289865,강북구
967,11305.0,2013-08,880.0306381257934,강북구
968,11305.0,2013-09,926.6449984227716,강북구
969,11305.0,2013-10,912.4440405075459,강북구
970,11305.0,2013-11,908.6103739809727,강북구
971,11305.0,2013-12,958.3979583629896,강북구
972,11305.0,2014-01,942.0011548718708,강북구
973,11305.0,2014-02,990.4225948952852,강북구
974,11305.0,2014-03,946.350769185269,강북구
975,11305.0,2014-04,986.6915421110278,강북구
976,11305.0,2014-05,949.4589109991065,강북구
977,11305.0,2014-06,990.7636751446718,강북구
978,11305.0,2014-07,968.3623025730354,강북구
979,11305.0,2014-08,952.3828113376258,강북구
980,11305.0,2014-09,971.2487460982395,강북구
981,11305.0,2014-10,986.240949358513,강북구
982,11305.0,2014-11,959.7047559909216,강북구
983,11305.0,2014-12,1010.9250682254162,강북구
984,11305.0,2015-01,1043.1919317499562,강북구
985,11305.0,2015-02,1004.6292355637966,강북구
986,11305.0,2015-03,1012.439569034395,강북구
987,11305.0,2015-04,1012.2776011514064,강북구
988,11305.0,2015-05,1075.5387782516068,강북구
989,11305.0,2015-06,1067.9087563475275,강북구
990,11305.0,2015-07,1089.2084487448083,강북구
991,11305.0,2015-08,1161.8712134675704,강북구
992,11305.0,2015-09,1176.099894120491,강북구
993,11305.0,2015-10,1170.2410536496996,강북구
994,11305.0,2015-11,1230.0239000841061,강북구
995,11305.0,2015-12,1256.9214462988477,강북구
996,11305.0,2016-01,1161.5592120708548,강북구
997,11305.0,2016-02,1146.9456933029517,강북구
998,11305.0,2016-03,1215.5616107533697,강북구
999,11305.0,2016-04,1252.0626692384926,강북구
1000,11305.0,2016-05,1247.703488339311,강북구
1001,11305.0,2016-06,1235.0776909185947,강북구
1002,11305.0,2016-07,1151.5888964614985,강북구
1003,11305.0,2016-08,1265.6334545156376,강북구
1004,11305.0,2016-09,1267.6140341682576,강북구
1005,11305.0,2016-10,1275.6658172770865,강북구
1006,11305.0,2016-11,1330.9115607854756,강북구
1007,11305.0,2016-12,1276.0601492214116,강북구
1008,11305.0,2017-01,1261.3495439354576,강북구
1009,11305.0,2017-02,1251.4460285386347,강북구
1010,11305.0,2017-03,1252.7050722562162,강북구
1011,11305.0,2017-04,1264.0668889590067,강북구
1012,11305.0,2017-05,1262.712097957348,강북구
1013,11305.0,2017-06,1291.5325759445213,강북구
1014,11305.0,2017-07,1254.523864215887,강북구
1015,11305.0,2017-08,1294.318435800813,강북구
1016,11305.0,2017-09,1214.2044703823592,강북구
1017,11305.0,2017-10,1219.315506303415,강북구
1018,11305.0,2017-11,1308.3475296692732,강북구
1019,11305.0,2017-12,1382.5408489289925,강북구
1020,11305.0,2018-01,1279.3970748614856,강북구
1021,11305.0,2018-02,1355.5411820606628,강북구
1022,11305.0,2018-03,1334.0024497154259,강북구
1023,11305.0,2018-04,1297.5454732494861,강북구
1024,11305.0,2018-05,1295.8433285642527,강북구
1025,11305.0,2018-06,1396.8486574532678,강북구
1026,11305.0,2018-07,1209.1256580051959,강북구
1027,11305.0,2018-08,1315.6744397058224,강북구
1028,11305.0,2018-09,1361.0387051079656,강북구
1029,11305.0,2018-10,1415.9290454629734,강북구
1030,11305.0,2018-11,1345.4054850675902,강북구
1031,11305.0,2018-12,1407.5564123757745,강북구
1032,11305.0,2019-01,1375.693547587188,강북구
1033,11305.0,2019-02,1314.7822097757075,강북구
1034,11305.0,2019-03,1321.243973569494,강북구
1035,11305.0,2019-04,1318.1194884148852,강북구
1036,11305.0,2019-05,1350.9426816975915,강북구
1037,11305.0,2019-06,1353.6602854609712,강북구
1038,11305.0,2019-07,1338.4948188623516,강북구
1039,11305.0,2019-08,1343.7050951098652,강북구
1040,11305.0,2019-09,1329.9949098016873,강북구
1041,11305.0,2019-10,1333.5169310524661,강북구
1042,11305.0,2019-11,1378.0379471689225,강북구
1043,11305.0,2019-12,1477.0420988206197,강북구
1044,11305.0,2020-01,1354.7610609826875,강북구
1045,11305.0,2020-02,1414.0956404933318,강북구
1046,11305.0,2020-03,1556.776132489961,강북구
1047,11305.0,2020-04,1603.5271146770585,강북구
1048,11305.0,2020-05,1587.228688363149,강북구
1049,11305.0,2020-06,1521.8697472375154,강북구
1050,11305.0,2020-07,1407.8215512531624,강북구
1051,11305.0,2020-08,1608.9662890712782,강북구
1052,11305.0,2020-09,1713.556852193225,강북구
1053,11320.0,2011-01,670.2743766287232,도봉구
1054,11320.0,2011-02,678.4137549991348,도봉구
1055,11320.0,2011-03,699.7013065573275,도봉구
1056,11320.0,2011-04,697.6017329096651,도봉구
1057,11320.0,2011-05,710.665136704235,도봉구
1058,11320.0,2011-06,731.4248068281518,도봉구
1059,11320.0,2011-07,734.7684221267506,도봉구
1060,11320.0,2011-08,729.5415838515486,도봉구
1061,11320.0,2011-09,756.1439206986388,도봉구
1062,11320.0,2011-10,754.3181752980161,도봉구
1063,11320.0,2011-11,754.3353674212773,도봉구
1064,11320.0,2011-12,757.3568928683064,도봉구
1065,11320.0,2012-01,748.5079408591511,도봉구
1066,11320.0,2012-02,751.191617187678,도봉구
1067,11320.0,2012-03,753.4624406569926,도봉구
1068,11320.0,2012-04,735.5980101610971,도봉구
1069,11320.0,2012-05,731.8103691146742,도봉구
1070,11320.0,2012-06,737.0688092432055,도봉구
1071,11320.0,2012-07,736.3362349148625,도봉구
1072,11320.0,2012-08,735.033629417745,도봉구
1073,11320.0,2012-09,759.8227808352535,도봉구
1074,11320.0,2012-10,741.5137286118834,도봉구
1075,11320.0,2012-11,761.8621273704538,도봉구
1076,11320.0,2012-12,753.783446776003,도봉구
1077,11320.0,2013-01,770.6224429040813,도봉구
1078,11320.0,2013-02,765.7552176071976,도봉구
1079,11320.0,2013-03,770.7506214834812,도봉구
1080,11320.0,2013-04,772.6453448026178,도봉구
1081,11320.0,2013-05,780.1999226662074,도봉구
1082,11320.0,2013-06,773.065240122161,도봉구
1083,11320.0,2013-07,796.0637766160031,도봉구
1084,11320.0,2013-08,828.6799852247051,도봉구
1085,11320.0,2013-09,839.4813470448079,도봉구
1086,11320.0,2013-10,836.6578789436119,도봉구
1087,11320.0,2013-11,847.756673884535,도봉구
1088,11320.0,2013-12,856.7324349073491,도봉구
1089,11320.0,2014-01,860.8008479099086,도봉구
1090,11320.0,2014-02,849.5337735701847,도봉구
1091,11320.0,2014-03,854.523462325359,도봉구
1092,11320.0,2014-04,864.0491744104115,도봉구
1093,11320.0,2014-05,849.4242027269858,도봉구
1094,11320.0,2014-06,860.2965991872675,도봉구
1095,11320.0,2014-07,854.2281255701633,도봉구
1096,11320.0,2014-08,875.791490231603,도봉구
1097,11320.0,2014-09,889.9538158962213,도봉구
1098,11320.0,2014-10,885.8437531174652,도봉구
1099,11320.0,2014-11,883.6667411208317,도봉구
1100,11320.0,2014-12,906.7524122106759,도봉구
1101,11320.0,2015-01,905.1146046050901,도봉구
1102,11320.0,2015-02,916.7703348565125,도봉구
1103,11320.0,2015-03,926.4922889455239,도봉구
1104,11320.0,2015-04,923.6326204481547,도봉구
1105,11320.0,2015-05,947.0469937976272,도봉구
1106,11320.0,2015-06,959.0507439949815,도봉구
1107,11320.0,2015-07,968.9501561341397,도봉구
1108,11320.0,2015-08,996.3171842562124,도봉구
1109,11320.0,2015-09,1016.7783170738361,도봉구
1110,11320.0,2015-10,1037.7930844708903,도봉구
1111,11320.0,2015-11,1063.64332962225,도봉구
1112,11320.0,2015-12,1096.4141708982477,도봉구
1113,11320.0,2016-01,1092.0815618470408,도봉구
1114,11320.0,2016-02,1089.7590286306138,도봉구
1115,11320.0,2016-03,1087.2188305479933,도봉구
1116,11320.0,2016-04,1064.4297991827925,도봉구
1117,11320.0,2016-05,1097.1203867515915,도봉구
1118,11320.0,2016-06,1081.923380936201,도봉구
1119,11320.0,2016-07,1106.2875043563124,도봉구
1120,11320.0,2016-08,1084.0106736543546,도봉구
1121,11320.0,2016-09,1134.3139100210724,도봉구
1122,11320.0,2016-10,1139.0240558387663,도봉구
1123,11320.0,2016-11,1103.266382290049,도봉구
1124,11320.0,2016-12,1118.3567530113278,도봉구
1125,11320.0,2017-01,1108.707650483117,도봉구
1126,11320.0,2017-02,1128.3227632816702,도봉구
1127,11320.0,2017-03,1104.211471703612,도봉구
1128,11320.0,2017-04,1101.2334861189845,도봉구
1129,11320.0,2017-05,1098.0751003221158,도봉구
1130,11320.0,2017-06,1116.744350266559,도봉구
1131,11320.0,2017-07,1159.2420080572151,도봉구
1132,11320.0,2017-08,1137.6022472959705,도봉구
1133,11320.0,2017-09,1144.8160747351728,도봉구
1134,11320.0,2017-10,1151.0114604278824,도봉구
1135,11320.0,2017-11,1155.3225894409782,도봉구
1136,11320.0,2017-12,1142.6433757320037,도봉구
1137,11320.0,2018-01,1218.7326327326543,도봉구
1138,11320.0,2018-02,1251.2627687079073,도봉구
1139,11320.0,2018-03,1176.531001844847,도봉구
1140,11320.0,2018-04,1144.4883461574345,도봉구
1141,11320.0,2018-05,1148.376177041746,도봉구
1142,11320.0,2018-06,1130.526964322429,도봉구
1143,11320.0,2018-07,1145.250122070259,도봉구
1144,11320.0,2018-08,1186.5993139766954,도봉구
1145,11320.0,2018-09,1152.669518138673,도봉구
1146,11320.0,2018-10,1124.731201939667,도봉구
1147,11320.0,2018-11,1137.9202730620527,도봉구
1148,11320.0,2018-12,1180.0241156953555,도봉구
1149,11320.0,2019-01,1161.464234049457,도봉구
1150,11320.0,2019-02,1143.6661088175667,도봉구
1151,11320.0,2019-03,1137.99625486608,도봉구
1152,11320.0,2019-04,1129.159476014556,도봉구
1153,11320.0,2019-05,1137.4667156462872,도봉구
1154,11320.0,2019-06,1157.7642611339243,도봉구
1155,11320.0,2019-07,1138.2448935789946,도봉구
1156,11320.0,2019-08,1177.7985559492101,도봉구
1157,11320.0,2019-09,1174.3347129515946,도봉구
1158,11320.0,2019-10,1178.0301497386145,도봉구
1159,11320.0,2019-11,1200.0443512417078,도봉구
1160,11320.0,2019-12,1191.6529809096262,도봉구
1161,11320.0,2020-01,1224.146511702265,도봉구
1162,11320.0,2020-02,1212.609197950736,도봉구
1163,11320.0,2020-03,1196.8766402116132,도봉구
1164,11320.0,2020-04,1186.75922752101,도봉구
1165,11320.0,2020-05,1212.5267025541127,도봉구
1166,11320.0,2020-06,1234.8689061347536,도봉구
1167,11320.0,2020-07,1247.8628901223792,도봉구
1168,11320.0,2020-08,1275.5356899102255,도봉구
1169,11320.0,2020-09,1268.8817264733077,도봉구
1170,11350.0,2011-01,741.4435403674479,노원구
1171,11350.0,2011-02,735.4841412092488,노원구
1172,11350.0,2011-03,738.3453968008964,노원구
1173,11350.0,2011-04,731.973518076868,노원구
1174,11350.0,2011-05,753.6314933228795,노원구
1175,11350.0,2011-06,749.9158263582684,노원구
1176,11350.0,2011-07,763.8864246575582,노원구
1177,11350.0,2011-08,801.214030299039,노원구
1178,11350.0,2011-09,807.2096574087584,노원구
1179,11350.0,2011-10,810.3638603761326,노원구
1180,11350.0,2011-11,810.4050709217788,노원구
1181,11350.0,2011-12,815.5395501484625,노원구
1182,11350.0,2012-01,817.5957182335276,노원구
1183,11350.0,2012-02,821.9470554997569,노원구
1184,11350.0,2012-03,805.7681475047442,노원구
1185,11350.0,2012-04,795.6581186823537,노원구
1186,11350.0,2012-05,785.9380203281962,노원구
1187,11350.0,2012-06,784.2133138036284,노원구
1188,11350.0,2012-07,799.061238458447,노원구
1189,11350.0,2012-08,800.1254794723835,노원구
1190,11350.0,2012-09,802.6106428996703,노원구
1191,11350.0,2012-10,814.5980163710958,노원구
1192,11350.0,2012-11,815.9072304344285,노원구
1193,11350.0,2012-12,826.0454386743926,노원구
1194,11350.0,2013-01,826.1940097693005,노원구
1195,11350.0,2013-02,823.9769649242528,노원구
1196,11350.0,2013-03,821.2584691062418,노원구
1197,11350.0,2013-04,819.1938284637168,노원구
1198,11350.0,2013-05,812.3503211602371,노원구
1199,11350.0,2013-06,835.5322646481279,노원구
1200,11350.0,2013-07,835.3712976177508,노원구
1201,11350.0,2013-08,876.7600330868547,노원구
1202,11350.0,2013-09,876.528438403624,노원구
1203,11350.0,2013-10,905.7444727703897,노원구
1204,11350.0,2013-11,914.3138573717954,노원구
1205,11350.0,2013-12,931.522987694096,노원구
1206,11350.0,2014-01,915.7170892537608,노원구
1207,11350.0,2014-02,918.4599769651655,노원구
1208,11350.0,2014-03,915.2261142954416,노원구
1209,11350.0,2014-04,913.9291299821119,노원구
1210,11350.0,2014-05,908.7505777324976,노원구
1211,11350.0,2014-06,922.8610562741451,노원구
1212,11350.0,2014-07,937.3981339382175,노원구
1213,11350.0,2014-08,950.6793036855981,노원구
1214,11350.0,2014-09,955.0819741009019,노원구
1215,11350.0,2014-10,953.3146002738591,노원구
1216,11350.0,2014-11,969.8271911319089,노원구
1217,11350.0,2014-12,983.3820122419457,노원구
1218,11350.0,2015-01,983.9882362503023,노원구
1219,11350.0,2015-02,996.7548790540202,노원구
1220,11350.0,2015-03,1012.5569867202045,노원구
1221,11350.0,2015-04,1004.4757272773539,노원구
1222,11350.0,2015-05,1021.5892976793418,노원구
1223,11350.0,2015-06,1044.8931754045816,노원구
1224,11350.0,2015-07,1063.6590401026217,노원구
1225,11350.0,2015-08,1081.531203496557,노원구
1226,11350.0,2015-09,1115.435846000782,노원구
1227,11350.0,2015-10,1143.9143070369275,노원구
1228,11350.0,2015-11,1162.1097535352721,노원구
1229,11350.0,2015-12,1191.3842587007168,노원구
1230,11350.0,2016-01,1183.6058644833092,노원구
1231,11350.0,2016-02,1189.5045729672163,노원구
1232,11350.0,2016-03,1159.780804943428,노원구
1233,11350.0,2016-04,1150.551095496941,노원구
1234,11350.0,2016-05,1164.9937297857437,노원구
1235,11350.0,2016-06,1169.7327327138407,노원구
1236,11350.0,2016-07,1161.0083924704556,노원구
1237,11350.0,2016-08,1170.0791201234435,노원구
1238,11350.0,2016-09,1190.9132097084673,노원구
1239,11350.0,2016-10,1208.577960014063,노원구
1240,11350.0,2016-11,1224.5216329503828,노원구
1241,11350.0,2016-12,1239.3622011136595,노원구
1242,11350.0,2017-01,1221.6254670617104,노원구
1243,11350.0,2017-02,1213.4777133098958,노원구
1244,11350.0,2017-03,1211.280302557621,노원구
1245,11350.0,2017-04,1200.8855329025776,노원구
1246,11350.0,2017-05,1194.339906503874,노원구
1247,11350.0,2017-06,1218.7599249078949,노원구
1248,11350.0,2017-07,1243.0458922757011,노원구
1249,11350.0,2017-08,1253.879533761169,노원구
1250,11350.0,2017-09,1215.234437141145,노원구
1251,11350.0,2017-10,1236.4355522777091,노원구
1252,11350.0,2017-11,1245.1698448683123,노원구
1253,11350.0,2017-12,1278.6515735076923,노원구
1254,11350.0,2018-01,1271.2156246320465,노원구
1255,11350.0,2018-02,1252.540147258305,노원구
1256,11350.0,2018-03,1251.774471093952,노원구
1257,11350.0,2018-04,1218.4298174292642,노원구
1258,11350.0,2018-05,1199.3695034127936,노원구
1259,11350.0,2018-06,1229.7502029720279,노원구
1260,11350.0,2018-07,1216.695029416049,노원구
1261,11350.0,2018-08,1234.4072326110258,노원구
1262,11350.0,2018-09,1259.3628115266063,노원구
1263,11350.0,2018-10,1277.328782820709,노원구
1264,11350.0,2018-11,1295.4039818621422,노원구
1265,11350.0,2018-12,1299.2605157005733,노원구
1266,11350.0,2019-01,1260.8130724490907,노원구
1267,11350.0,2019-02,1257.5852116693488,노원구
1268,11350.0,2019-03,1215.207201092618,노원구
1269,11350.0,2019-04,1219.4139779146692,노원구
1270,11350.0,2019-05,1225.585871957746,노원구
1271,11350.0,2019-06,1245.326699592288,노원구
1272,11350.0,2019-07,1252.3962322736936,노원구
1273,11350.0,2019-08,1263.1235197499584,노원구
1274,11350.0,2019-09,1288.451209623594,노원구
1275,11350.0,2019-10,1294.2311713043448,노원구
1276,11350.0,2019-11,1352.008929019715,노원구
1277,11350.0,2019-12,1348.8375328702336,노원구
1278,11350.0,2020-01,1334.8241179462884,노원구
1279,11350.0,2020-02,1332.6942152828578,노원구
1280,11350.0,2020-03,1304.989662376573,노원구
1281,11350.0,2020-04,1292.8138518408239,노원구
1282,11350.0,2020-05,1299.0213846586048,노원구
1283,11350.0,2020-06,1322.7460705121323,노원구
1284,11350.0,2020-07,1332.9653276116107,노원구
1285,11350.0,2020-08,1333.3564445174234,노원구
1286,11350.0,2020-09,1359.8663832919392,노원구
1287,11380.0,2011-01,716.0066742015099,은평구
1288,11380.0,2011-02,728.3365570125752,은평구
1289,11380.0,2011-03,747.6468844035332,은평구
1290,11380.0,2011-04,789.0315375657344,은평구
1291,11380.0,2011-05,771.4159905387006,은평구
1292,11380.0,2011-06,811.7444569201663,은평구
1293,11380.0,2011-07,837.1672076976098,은평구
1294,11380.0,2011-08,843.9290878725828,은평구
1295,11380.0,2011-09,815.1019328275001,은평구
1296,11380.0,2011-10,847.9739203912906,은평구
1297,11380.0,2011-11,818.0241758441954,은평구
1298,11380.0,2011-12,849.2993181411279,은평구
1299,11380.0,2012-01,810.0134532669027,은평구
1300,11380.0,2012-02,798.2648361360106,은평구
1301,11380.0,2012-03,793.7668374882201,은평구
1302,11380.0,2012-04,809.3748443765855,은평구
1303,11380.0,2012-05,836.7691649355883,은평구
1304,11380.0,2012-06,839.397337166812,은평구
1305,11380.0,2012-07,778.7737679238483,은평구
1306,11380.0,2012-08,829.301719186026,은평구
1307,11380.0,2012-09,807.0522829551375,은평구
1308,11380.0,2012-10,837.3477454980743,은평구
1309,11380.0,2012-11,752.8300448966556,은평구
1310,11380.0,2012-12,793.2619941678882,은평구
1311,11380.0,2013-01,766.5111763862334,은평구
1312,11380.0,2013-02,810.651437674761,은평구
1313,11380.0,2013-03,793.191799240058,은평구
1314,11380.0,2013-04,827.4937110021388,은평구
1315,11380.0,2013-05,871.8412584660276,은평구
1316,11380.0,2013-06,950.5635220151862,은평구
1317,11380.0,2013-07,942.5420936159852,은평구
1318,11380.0,2013-08,976.3068843431972,은평구
1319,11380.0,2013-09,953.8459029176955,은평구
1320,11380.0,2013-10,972.3188087982081,은평구
1321,11380.0,2013-11,1007.1566367660351,은평구
1322,11380.0,2013-12,1021.5876160682332,은평구
1323,11380.0,2014-01,1024.1533526001085,은평구
1324,11380.0,2014-02,1023.4115454425538,은평구
1325,11380.0,2014-03,983.9635557654511,은평구
1326,11380.0,2014-04,918.2634419305012,은평구
1327,11380.0,2014-05,1017.0412770329553,은평구
1328,11380.0,2014-06,977.3143704989817,은평구
1329,11380.0,2014-07,953.5472721980717,은평구
1330,11380.0,2014-08,978.5304925465508,은평구
1331,11380.0,2014-09,861.2907646961679,은평구
1332,11380.0,2014-10,1045.7312286017889,은평구
1333,11380.0,2014-11,1026.6431120854456,은평구
1334,11380.0,2014-12,1049.5631736385085,은평구
1335,11380.0,2015-01,1013.9381528309295,은평구
1336,11380.0,2015-02,1015.0642526243523,은평구
1337,11380.0,2015-03,965.7093743965021,은평구
1338,11380.0,2015-04,986.9988030862364,은평구
1339,11380.0,2015-05,1032.4197341824336,은평구
1340,11380.0,2015-06,1068.847507337358,은평구
1341,11380.0,2015-07,1160.9342831005254,은평구
1342,11380.0,2015-08,1192.678427461351,은평구
1343,11380.0,2015-09,1094.2389901794058,은평구
1344,11380.0,2015-10,1180.422451129889,은평구
1345,11380.0,2015-11,1168.1247868050875,은평구
1346,11380.0,2015-12,1205.682737803181,은평구
1347,11380.0,2016-01,1289.4733806784245,은평구
1348,11380.0,2016-02,1264.9756770038807,은평구
1349,11380.0,2016-03,1209.014467648419,은평구
1350,11380.0,2016-04,1074.4363019190846,은평구
1351,11380.0,2016-05,1288.8031904091479,은평구
1352,11380.0,2016-06,1256.1767927311564,은평구
1353,11380.0,2016-07,1074.9721971582912,은평구
1354,11380.0,2016-08,1143.1892989250669,은평구
1355,11380.0,2016-09,1015.058584121493,은평구
1356,11380.0,2016-10,1357.9326801378866,은평구
1357,11380.0,2016-11,1340.4684544749875,은평구
1358,11380.0,2016-12,1337.8001531481175,은평구
1359,11380.0,2017-01,1185.9960900243614,은평구
1360,11380.0,2017-02,1231.9000525482684,은평구
1361,11380.0,2017-03,1210.832410727697,은평구
1362,11380.0,2017-04,1332.825510005501,은평구
1363,11380.0,2017-05,1362.0632738301888,은평구
1364,11380.0,2017-06,1443.3306747574095,은평구
1365,11380.0,2017-07,1540.568585336626,은평구
1366,11380.0,2017-08,1509.2864057363697,은평구
1367,11380.0,2017-09,1484.2038721811766,은평구
1368,11380.0,2017-10,1539.4042771777001,은평구
1369,11380.0,2017-11,1500.8345697454351,은평구
1370,11380.0,2017-12,1457.882084619277,은평구
1371,11380.0,2018-01,1423.233047964494,은평구
1372,11380.0,2018-02,1368.9442611441148,은평구
1373,11380.0,2018-03,1433.73201050855,은평구
1374,11380.0,2018-04,1292.8301978929182,은평구
1375,11380.0,2018-05,1483.238040061029,은평구
1376,11380.0,2018-06,1486.587117507346,은평구
1377,11380.0,2018-07,1175.632200536376,은평구
1378,11380.0,2018-08,1392.0508110560475,은평구
1379,11380.0,2018-09,1312.054400013362,은평구
1380,11380.0,2018-10,1519.8110725844601,은평구
1381,11380.0,2018-11,1549.2253292870616,은평구
1382,11380.0,2018-12,1614.4581437972756,은평구
1383,11380.0,2019-01,1537.3298076734673,은평구
1384,11380.0,2019-02,1476.4075582389898,은평구
1385,11380.0,2019-03,1463.0329323563906,은평구
1386,11380.0,2019-04,1525.4039084898031,은평구
1387,11380.0,2019-05,1539.9922048022809,은평구
1388,11380.0,2019-06,1551.9660188012688,은평구
1389,11380.0,2019-07,1571.0885769796537,은평구
1390,11380.0,2019-08,1579.119392519163,은평구
1391,11380.0,2019-09,1518.2301505430628,은평구
1392,11380.0,2019-10,1610.7639469482817,은평구
1393,11380.0,2019-11,1677.6102200869864,은평구
1394,11380.0,2019-12,1614.3155578768726,은평구
1395,11380.0,2020-01,1703.043846696713,은평구
1396,11380.0,2020-02,1560.932698448019,은평구
1397,11380.0,2020-03,1689.7710737354826,은평구
1398,11380.0,2020-04,1606.4327689391005,은평구
1399,11380.0,2020-05,1781.585609926135,은평구
1400,11380.0,2020-06,1756.790343202413,은평구
1401,11380.0,2020-07,1592.4080357132746,은평구
1402,11380.0,2020-08,1631.520470630464,은평구
1403,11380.0,2020-09,1247.6789149127428,은평구
1404,11410.0,2011-01,833.3159439604217,서대문구
1405,11410.0,2011-02,876.0431655409126,서대문구
1406,11410.0,2011-03,851.8392576737208,서대문구
1407,11410.0,2011-04,865.3082600998055,서대문구
1408,11410.0,2011-05,925.5251911540857,서대문구
1409,11410.0,2011-06,904.6985361773848,서대문구
1410,11410.0,2011-07,879.2771438062205,서대문구
1411,11410.0,2011-08,933.921587090817,서대문구
1412,11410.0,2011-09,952.4975410876106,서대문구
1413,11410.0,2011-10,950.0442182710908,서대문구
1414,11410.0,2011-11,928.7247176368913,서대문구
1415,11410.0,2011-12,958.8070886408635,서대문구
1416,11410.0,2012-01,949.8667398852652,서대문구
1417,11410.0,2012-02,945.1088376292876,서대문구
1418,11410.0,2012-03,948.6466748054861,서대문구
1419,11410.0,2012-04,927.7535346924976,서대문구
1420,11410.0,2012-05,886.5569552155173,서대문구
1421,11410.0,2012-06,961.3247058802895,서대문구
1422,11410.0,2012-07,937.3475454369449,서대문구
1423,11410.0,2012-08,940.6419938342884,서대문구
1424,11410.0,2012-09,962.4999213937652,서대문구
1425,11410.0,2012-10,946.6348400071562,서대문구
1426,11410.0,2012-11,927.3172611137127,서대문구
1427,11410.0,2012-12,974.1830425408428,서대문구
1428,11410.0,2013-01,970.1568447731615,서대문구
1429,11410.0,2013-02,981.6206064038365,서대문구
1430,11410.0,2013-03,966.934704966112,서대문구
1431,11410.0,2013-04,964.5742502326284,서대문구
1432,11410.0,2013-05,989.9021574580828,서대문구
1433,11410.0,2013-06,1033.1760325401501,서대문구
1434,11410.0,2013-07,1005.6510188692463,서대문구
1435,11410.0,2013-08,1041.099938279001,서대문구
1436,11410.0,2013-09,1080.1844853172854,서대문구
1437,11410.0,2013-10,1027.3535523288588,서대문구
1438,11410.0,2013-11,1047.714942958388,서대문구
1439,11410.0,2013-12,1103.8522375355544,서대문구
1440,11410.0,2014-01,1105.6414254103483,서대문구
1441,11410.0,2014-02,1070.7304722804497,서대문구
1442,11410.0,2014-03,1090.0427997648528,서대문구
1443,11410.0,2014-04,1143.9750521910337,서대문구
1444,11410.0,2014-05,1053.9565261150854,서대문구
1445,11410.0,2014-06,1097.5658331881643,서대문구
1446,11410.0,2014-07,1106.541275709735,서대문구
1447,11410.0,2014-08,1141.975792682117,서대문구
1448,11410.0,2014-09,1191.7946596617098,서대문구
1449,11410.0,2014-10,1226.304745984669,서대문구
1450,11410.0,2014-11,1213.9162332829685,서대문구
1451,11410.0,2014-12,1178.6257745325356,서대문구
1452,11410.0,2015-01,1184.8490976848568,서대문구
1453,11410.0,2015-02,1174.9148855095566,서대문구
1454,11410.0,2015-03,1170.18403800887,서대문구
1455,11410.0,2015-04,1190.9055682847688,서대문구
1456,11410.0,2015-05,1282.394946091344,서대문구
1457,11410.0,2015-06,1315.1413842385655,서대문구
1458,11410.0,2015-07,1307.0382928214383,서대문구
1459,11410.0,2015-08,1443.355778957415,서대문구
1460,11410.0,2015-09,1406.2875043694182,서대문구
1461,11410.0,2015-10,1456.3043693643574,서대문구
1462,11410.0,2015-11,1439.5714813876587,서대문구
1463,11410.0,2015-12,1423.1293116492102,서대문구
1464,11410.0,2016-01,1439.7419708530051,서대문구
1465,11410.0,2016-02,1381.9624899369717,서대문구
1466,11410.0,2016-03,1409.8112693921385,서대문구
1467,11410.0,2016-04,1401.0447832230664,서대문구
1468,11410.0,2016-05,1357.0196021872875,서대문구
1469,11410.0,2016-06,1411.4651257472074,서대문구
1470,11410.0,2016-07,1459.3974558059135,서대문구
1471,11410.0,2016-08,1518.1027595725939,서대문구
1472,11410.0,2016-09,1486.8438078928282,서대문구
1473,11410.0,2016-10,1548.2816297445847,서대문구
1474,11410.0,2016-11,1603.5366666260113,서대문구
1475,11410.0,2016-12,1690.72881076787,서대문구
1476,11410.0,2017-01,1661.5160386091134,서대문구
1477,11410.0,2017-02,1731.059730492956,서대문구
1478,11410.0,2017-03,1647.806321357068,서대문구
1479,11410.0,2017-04,1681.514419603478,서대문구
1480,11410.0,2017-05,1686.0572729546561,서대문구
1481,11410.0,2017-06,1757.8016444646914,서대문구
1482,11410.0,2017-07,1690.955331227309,서대문구
1483,11410.0,2017-08,1611.3522421163282,서대문구
1484,11410.0,2017-09,1695.4463173707136,서대문구
1485,11410.0,2017-10,1734.4983498675708,서대문구
1486,11410.0,2017-11,1762.4367926694551,서대문구
1487,11410.0,2017-12,1794.1750968550925,서대문구
1488,11410.0,2018-01,1812.516657261872,서대문구
1489,11410.0,2018-02,1729.6250663640214,서대문구
1490,11410.0,2018-03,1699.9605306879234,서대문구
1491,11410.0,2018-04,1675.7759220611072,서대문구
1492,11410.0,2018-05,1487.5912039746306,서대문구
1493,11410.0,2018-06,1708.1541348672367,서대문구
1494,11410.0,2018-07,1555.9339642086904,서대문구
1495,11410.0,2018-08,1824.1613428247697,서대문구
1496,11410.0,2018-09,1680.4746815221488,서대문구
1497,11410.0,2018-10,1735.5766533929145,서대문구
1498,11410.0,2018-11,1649.4639730967906,서대문구
1499,11410.0,2018-12,1801.1646891067417,서대문구
1500,11410.0,2019-01,1762.4980738456995,서대문구
1501,11410.0,2019-02,1773.299321101229,서대문구
1502,11410.0,2019-03,1725.0534052060684,서대문구
1503,11410.0,2019-04,1655.8561532996143,서대문구
1504,11410.0,2019-05,1810.3369797899372,서대문구
1505,11410.0,2019-06,1827.633895237696,서대문구
1506,11410.0,2019-07,1850.1405265751932,서대문구
1507,11410.0,2019-08,1725.4730493157808,서대문구
1508,11410.0,2019-09,1791.467141270553,서대문구
1509,11410.0,2019-10,1854.7278612845216,서대문구
1510,11410.0,2019-11,1818.6451611277478,서대문구
1511,11410.0,2019-12,1885.79065476923,서대문구
1512,11410.0,2020-01,1843.4039362956887,서대문구
1513,11410.0,2020-02,1826.5012976589992,서대문구
1514,11410.0,2020-03,1822.6376051120062,서대문구
1515,11410.0,2020-04,1869.3422770555596,서대문구
1516,11410.0,2020-05,1754.530999750425,서대문구
1517,11410.0,2020-06,1864.791627005049,서대문구
1518,11410.0,2020-07,1762.2664878393048,서대문구
1519,11410.0,2020-08,2143.046709917191,서대문구
1520,11410.0,2020-09,1910.9947774422337,서대문구
1521,11440.0,2011-01,1024.334558156225,마포구
1522,11440.0,2011-02,1033.6773360533605,마포구
1523,11440.0,2011-03,1019.5270827810762,마포구
1524,11440.0,2011-04,1015.8791856683249,마포구
1525,11440.0,2011-05,1055.0380616452576,마포구
1526,11440.0,2011-06,1069.5294709209188,마포구
1527,11440.0,2011-07,1108.9248450488487,마포구
1528,11440.0,2011-08,1078.0769251345312,마포구
1529,11440.0,2011-09,1091.6688596159086,마포구
1530,11440.0,2011-10,1138.5214901445663,마포구
1531,11440.0,2011-11,1179.614578265703,마포구
1532,11440.0,2011-12,1195.3801336221497,마포구
1533,11440.0,2012-01,1199.5796957080797,마포구
1534,11440.0,2012-02,1180.817173612347,마포구
1535,11440.0,2012-03,1173.1824249950078,마포구
1536,11440.0,2012-04,1162.0063954443979,마포구
1537,11440.0,2012-05,1181.4197959670207,마포구
1538,11440.0,2012-06,1157.9054601679052,마포구
1539,11440.0,2012-07,1225.8609983503459,마포구
1540,11440.0,2012-08,1094.7337812551468,마포구
1541,11440.0,2012-09,1026.7384159160122,마포구
1542,11440.0,2012-10,1157.3677121867813,마포구
1543,11440.0,2012-11,1155.0475839928947,마포구
1544,11440.0,2012-12,1104.1721665057278,마포구
1545,11440.0,2013-01,1221.9947055435823,마포구
1546,11440.0,2013-02,1219.3779415289732,마포구
1547,11440.0,2013-03,1260.049665043742,마포구
1548,11440.0,2013-04,1256.5149069696936,마포구
1549,11440.0,2013-05,1234.5124719112268,마포구
1550,11440.0,2013-06,1250.7827435201555,마포구
1551,11440.0,2013-07,1252.4004376868734,마포구
1552,11440.0,2013-08,1276.4290996016312,마포구
1553,11440.0,2013-09,1280.5859870561521,마포구
1554,11440.0,2013-10,1350.3079875288943,마포구
1555,11440.0,2013-11,1345.2807574429844,마포구
1556,11440.0,2013-12,1385.919086875703,마포구
1557,11440.0,2014-01,1375.7477964618467,마포구
1558,11440.0,2014-02,1392.214454709348,마포구
1559,11440.0,2014-03,1360.4932965129437,마포구
1560,11440.0,2014-04,1391.5676894469589,마포구
1561,11440.0,2014-05,1415.5357575530847,마포구
1562,11440.0,2014-06,1424.6182405448133,마포구
1563,11440.0,2014-07,1445.8768715013332,마포구
1564,11440.0,2014-08,1369.4486950327853,마포구
1565,11440.0,2014-09,1342.8660529324698,마포구
1566,11440.0,2014-10,1439.1997670050548,마포구
1567,11440.0,2014-11,1444.6455833520824,마포구
1568,11440.0,2014-12,1352.783187946635,마포구
1569,11440.0,2015-01,1467.760733790574,마포구
1570,11440.0,2015-02,1477.1470912158904,마포구
1571,11440.0,2015-03,1468.5670264804276,마포구
1572,11440.0,2015-04,1493.1386228718527,마포구
1573,11440.0,2015-05,1503.67479593875,마포구
1574,11440.0,2015-06,1539.500198135869,마포구
1575,11440.0,2015-07,1469.8177347435294,마포구
1576,11440.0,2015-08,1568.1379846265636,마포구
1577,11440.0,2015-09,1559.8022294832974,마포구
1578,11440.0,2015-10,1610.7332540737475,마포구
1579,11440.0,2015-11,1700.1176735816252,마포구
1580,11440.0,2015-12,1739.2990553401278,마포구
1581,11440.0,2016-01,1714.8449061440954,마포구
1582,11440.0,2016-02,1676.526068845432,마포구
1583,11440.0,2016-03,1704.5191662691027,마포구
1584,11440.0,2016-04,1753.2327202314445,마포구
1585,11440.0,2016-05,1729.2624573773721,마포구
1586,11440.0,2016-06,1749.4404814774732,마포구
1587,11440.0,2016-07,1802.0268535829118,마포구
1588,11440.0,2016-08,1693.1346040614812,마포구
1589,11440.0,2016-09,1671.017143453873,마포구
1590,11440.0,2016-10,1883.6973228714032,마포구
1591,11440.0,2016-11,1862.170407513853,마포구
1592,11440.0,2016-12,1773.6493420487152,마포구
1593,11440.0,2017-01,1902.7078336762463,마포구
1594,11440.0,2017-02,1884.6206485386447,마포구
1595,11440.0,2017-03,1900.1389999011246,마포구
1596,11440.0,2017-04,1848.0488225945153,마포구
1597,11440.0,2017-05,1924.1070916758258,마포구
1598,11440.0,2017-06,1929.6204161427534,마포구
1599,11440.0,2017-07,1953.2852312972043,마포구
1600,11440.0,2017-08,1980.175457567055,마포구
1601,11440.0,2017-09,1941.4118543914396,마포구
1602,11440.0,2017-10,1860.0290793118315,마포구
1603,11440.0,2017-11,2031.7652677309786,마포구
1604,11440.0,2017-12,1961.2661662303803,마포구
1605,11440.0,2018-01,2090.19013880299,마포구
1606,11440.0,2018-02,2056.5769704779837,마포구
1607,11440.0,2018-03,1993.2580388738766,마포구
1608,11440.0,2018-04,2025.015699647823,마포구
1609,11440.0,2018-05,2036.359399113563,마포구
1610,11440.0,2018-06,2006.569512272228,마포구
1611,11440.0,2018-07,2105.911535983494,마포구
1612,11440.0,2018-08,2039.0528717064956,마포구
1613,11440.0,2018-09,1929.718911010068,마포구
1614,11440.0,2018-10,2196.7320874365682,마포구
1615,11440.0,2018-11,2146.941976201846,마포구
1616,11440.0,2018-12,1959.2675520927219,마포구
1617,11440.0,2019-01,2192.961905461979,마포구
1618,11440.0,2019-02,2195.412173234415,마포구
1619,11440.0,2019-03,2100.5208286740926,마포구
1620,11440.0,2019-04,2093.834817890562,마포구
1621,11440.0,2019-05,2067.9980014372513,마포구
1622,11440.0,2019-06,2101.2061416991587,마포구
1623,11440.0,2019-07,2203.801138334912,마포구
1624,11440.0,2019-08,2243.2026123684686,마포구
1625,11440.0,2019-09,2223.9338862557233,마포구
1626,11440.0,2019-10,2202.7237995133105,마포구
1627,11440.0,2019-11,2227.1614150884193,마포구
1628,11440.0,2019-12,2229.2879792352533,마포구
1629,11440.0,2020-01,2295.7411204873147,마포구
1630,11440.0,2020-02,2270.226538200726,마포구
1631,11440.0,2020-03,2062.4022721080496,마포구
1632,11440.0,2020-04,2152.0189858182703,마포구
1633,11440.0,2020-05,2165.923949128244,마포구
1634,11440.0,2020-06,2350.340927213816,마포구
1635,11440.0,2020-07,2386.7661980581206,마포구
1636,11440.0,2020-08,2241.24735420234,마포구
1637,11440.0,2020-09,1881.8355409595579,마포구
1638,11440.0,2020-10,2116.153452247812,마포구
1639,11470.0,2011-01,1029.9323037704826,양천구
1640,11470.0,2011-02,1031.335026731254,양천구
1641,11470.0,2011-03,877.8871154199813,양천구
1642,11470.0,2011-04,1007.8086367899584,양천구
1643,11470.0,2011-05,981.8807801353305,양천구
1644,11470.0,2011-06,1018.9214431861554,양천구
1645,11470.0,2011-07,1020.0297393628604,양천구
1646,11470.0,2011-08,1006.7862747819403,양천구
1647,11470.0,2011-09,1063.3587486267525,양천구
1648,11470.0,2011-10,1087.8205088883321,양천구
1649,11470.0,2011-11,1119.5488757584117,양천구
1650,11470.0,2011-12,1153.519879069292,양천구
1651,11470.0,2012-01,1119.1319413824988,양천구
1652,11470.0,2012-02,1109.0788715886413,양천구
1653,11470.0,2012-03,1044.0387653023265,양천구
1654,11470.0,2012-04,1017.6674182280179,양천구
1655,11470.0,2012-05,1064.2716215428482,양천구
1656,11470.0,2012-06,1077.4236026442063,양천구
1657,11470.0,2012-07,1059.0527309833903,양천구
1658,11470.0,2012-08,1056.7184327583311,양천구
1659,11470.0,2012-09,1049.7440268448945,양천구
1660,11470.0,2012-10,1079.8708213808513,양천구
1661,11470.0,2012-11,1128.0264653450242,양천구
1662,11470.0,2012-12,1186.6939398276206,양천구
1663,11470.0,2013-01,1151.3856719858618,양천구
1664,11470.0,2013-02,1145.474843978788,양천구
1665,11470.0,2013-03,1086.114832809087,양천구
1666,11470.0,2013-04,1131.1728240515592,양천구
1667,11470.0,2013-05,1133.182772577313,양천구
1668,11470.0,2013-06,1108.5639714895678,양천구
1669,11470.0,2013-07,1140.8328543047799,양천구
1670,11470.0,2013-08,986.534144423372,양천구
1671,11470.0,2013-09,1095.102313425969,양천구
1672,11470.0,2013-10,1096.1299442734514,양천구
1673,11470.0,2013-11,1264.7900636886714,양천구
1674,11470.0,2013-12,1337.4709241707876,양천구
1675,11470.0,2014-01,1301.194132209575,양천구
1676,11470.0,2014-02,1304.3663437544913,양천구
1677,11470.0,2014-03,1241.5332257644916,양천구
1678,11470.0,2014-04,1239.9720037156328,양천구
1679,11470.0,2014-05,1252.1340965336606,양천구
1680,11470.0,2014-06,1236.6505633676334,양천구
1681,11470.0,2014-07,1250.3553308686264,양천구
1682,11470.0,2014-08,1257.8870753873293,양천구
1683,11470.0,2014-09,1285.7198133544669,양천구
1684,11470.0,2014-10,1312.0490309754728,양천구
1685,11470.0,2014-11,1344.980245278031,양천구
1686,11470.0,2014-12,1450.6357408443982,양천구
1687,11470.0,2015-01,1396.0581214964745,양천구
1688,11470.0,2015-02,1414.8443566607539,양천구
1689,11470.0,2015-03,1369.4770587137255,양천구
1690,11470.0,2015-04,1383.2741307356237,양천구
1691,11470.0,2015-05,1441.8753720710495,양천구
1692,11470.0,2015-06,1369.2850012701656,양천구
1693,11470.0,2015-07,1450.7635536115317,양천구
1694,11470.0,2015-08,1320.0763402331065,양천구
1695,11470.0,2015-09,1501.1137466208622,양천구
1696,11470.0,2015-10,1512.7536072184953,양천구
1697,11470.0,2015-11,1637.0429736696883,양천구
1698,11470.0,2015-12,1749.3666241384901,양천구
1699,11470.0,2016-01,1695.040242281255,양천구
1700,11470.0,2016-02,1578.452112303752,양천구
1701,11470.0,2016-03,1568.0660520698461,양천구
1702,11470.0,2016-04,1489.459918196856,양천구
1703,11470.0,2016-05,1649.1380788802708,양천구
1704,11470.0,2016-06,1616.5166945520928,양천구
1705,11470.0,2016-07,1685.896067891232,양천구
1706,11470.0,2016-08,1621.0915337234019,양천구
1707,11470.0,2016-09,1671.5129858325636,양천구
1708,11470.0,2016-10,1706.7480299443737,양천구
1709,11470.0,2016-11,1758.2099818757797,양천구
1710,11470.0,2016-12,1780.3635248952178,양천구
1711,11470.0,2017-01,1769.6073409289158,양천구
1712,11470.0,2017-02,1711.7741729034944,양천구
1713,11470.0,2017-03,1670.9203998441212,양천구
1714,11470.0,2017-04,1640.4394209509826,양천구
1715,11470.0,2017-05,1670.009420320482,양천구
1716,11470.0,2017-06,1577.3874224824854,양천구
1717,11470.0,2017-07,1760.3991820794402,양천구
1718,11470.0,2017-08,1416.0360010857019,양천구
1719,11470.0,2017-09,1653.643023122787,양천구
1720,11470.0,2017-10,1596.894190819848,양천구
1721,11470.0,2017-11,1836.1646627466228,양천구
1722,11470.0,2017-12,1815.176990573586,양천구
1723,11470.0,2018-01,1763.0750246192486,양천구
1724,11470.0,2018-02,1768.8839356948206,양천구
1725,11470.0,2018-03,1757.8711879319903,양천구
1726,11470.0,2018-04,1669.4454811667322,양천구
1727,11470.0,2018-05,1769.7216429772786,양천구
1728,11470.0,2018-06,1795.054814138655,양천구
1729,11470.0,2018-07,1789.7392144329192,양천구
1730,11470.0,2018-08,1808.8132746534206,양천구
1731,11470.0,2018-09,1894.5189964950048,양천구
1732,11470.0,2018-10,1836.351508153051,양천구
1733,11470.0,2018-11,1949.025263230302,양천구
1734,11470.0,2018-12,1965.0876914503813,양천구
1735,11470.0,2019-01,1871.456818598363,양천구
1736,11470.0,2019-02,1833.6656844005804,양천구
1737,11470.0,2019-03,1748.976656754257,양천구
1738,11470.0,2019-04,1725.5186866968136,양천구
1739,11470.0,2019-05,1782.117310935898,양천구
1740,11470.0,2019-06,1689.0875626646252,양천구
1741,11470.0,2019-07,1837.7425234192333,양천구
1742,11470.0,2019-08,1540.877002054266,양천구
1743,11470.0,2019-09,1770.8477093523466,양천구
1744,11470.0,2019-10,1846.8124027680926,양천구
1745,11470.0,2019-11,1958.6531799192614,양천구
1746,11470.0,2019-12,2017.6998695238897,양천구
1747,11470.0,2020-01,1921.1439902402003,양천구
1748,11470.0,2020-02,1892.159531343028,양천구
1749,11470.0,2020-03,1784.900853762718,양천구
1750,11470.0,2020-04,1763.6672481694739,양천구
1751,11470.0,2020-05,1867.7823626465754,양천구
1752,11470.0,2020-06,1949.2039959785934,양천구
1753,11470.0,2020-07,1964.1616127319396,양천구
1754,11470.0,2020-08,1925.5068446672492,양천구
1755,11470.0,2020-09,1937.1003095297667,양천구
1756,11470.0,2020-10,1941.8320531139227,양천구
1757,11500.0,2019-01,1684.917723379053,강서구
1758,11500.0,2019-02,1610.3775616375312,강서구
1759,11500.0,2019-03,1643.7524656781525,강서구
1760,11500.0,2019-04,1674.05029247835,강서구
1761,11500.0,2019-05,1717.974016878941,강서구
1762,11500.0,2019-06,1720.2352770679947,강서구
1763,11500.0,2019-07,1703.660528540069,강서구
1764,11500.0,2019-08,1799.756804221422,강서구
1765,11500.0,2019-09,1764.324487617975,강서구
1766,11500.0,2019-10,1661.2846929251634,강서구
1767,11500.0,2019-11,1667.7552270546562,강서구
1768,11500.0,2019-12,1719.7921345103598,강서구
1769,11530.0,2019-01,1559.7664606958228,구로구
1770,11530.0,2019-02,1459.112049223969,구로구
1771,11530.0,2019-03,1445.2678910613054,구로구
1772,11530.0,2019-04,1465.5500627156412,구로구
1773,11530.0,2019-05,1479.5835395176466,구로구
1774,11530.0,2019-06,1443.22069381198,구로구
1775,11530.0,2019-07,1480.463984390022,구로구
1776,11530.0,2019-08,1364.0489710168683,구로구
1777,11530.0,2019-09,1384.8385926357053,구로구
1778,11530.0,2019-10,1451.8496515880372,구로구
1779,11530.0,2019-11,1548.1705069732127,구로구
1780,11530.0,2019-12,1422.4799535360596,구로구
1781,11545.0,2019-01,1407.0710112643808,금천구
1782,11545.0,2019-02,1315.4586279634334,금천구
1783,11545.0,2019-03,1242.4529149682755,금천구
1784,11545.0,2019-04,1242.4489302430477,금천구
1785,11545.0,2019-05,1451.003860804988,금천구
1786,11545.0,2019-06,1643.2978005397126,금천구
1787,11545.0,2019-07,1359.6798381267458,금천구
1788,11545.0,2019-08,1327.5300034702552,금천구
1789,11545.0,2019-09,1301.816621653201,금천구
1790,11545.0,2019-10,1426.1618267368342,금천구
1791,11545.0,2019-11,1387.5953841569294,금천구
1792,11545.0,2019-12,1435.8328712816465,금천구
1793,11560.0,2019-01,1819.3304616475398,영등포구
1794,11560.0,2019-02,1736.7811981547318,영등포구
1795,11560.0,2019-03,1854.1503327460086,영등포구
1796,11560.0,2019-04,1788.132773252119,영등포구
1797,11560.0,2019-05,1883.5012432078722,영등포구
1798,11560.0,2019-06,2035.3446478156138,영등포구
1799,11560.0,2019-07,1823.3856518524503,영등포구
1800,11560.0,2019-08,1890.377402378106,영등포구
1801,11560.0,2019-09,1880.509963458991,영등포구
1802,11560.0,2019-10,1928.3946738343766,영등포구
1803,11560.0,2019-11,1965.063456524178,영등포구
1804,11560.0,2019-12,1957.7739529773949,영등포구
1805,11590.0,2019-01,2008.3438710134571,동작구
1806,11590.0,2019-02,1920.7392850792558,동작구
1807,11590.0,2019-03,1928.7883883457905,동작구
1808,11590.0,2019-04,1926.9166898894205,동작구
1809,11590.0,2019-05,1892.677438848656,동작구
1810,11590.0,2019-06,1885.5341114861299,동작구
1811,11590.0,2019-07,1947.6923159131402,동작구
1812,11590.0,2019-08,1951.4824757683086,동작구
1813,11590.0,2019-09,2002.8906322773162,동작구
1814,11590.0,2019-10,2058.34774942398,동작구
1815,11590.0,2019-11,2097.34041959693,동작구
1816,11590.0,2019-12,2131.2501901639603,동작구
1817,11620.0,2019-01,1672.5721312073285,관악구
1818,11620.0,2019-02,1598.4418057514736,관악구
1819,11620.0,2019-03,1532.3163751864156,관악구
1820,11620.0,2019-04,1550.5634956062415,관악구
1821,11620.0,2019-05,1579.5474174232058,관악구
1822,11620.0,2019-06,1591.061665095614,관악구
1823,11620.0,2019-07,1609.365000133607,관악구
1824,11620.0,2019-08,1659.8203008353967,관악구
1825,11620.0,2019-09,1577.2890024029275,관악구
1826,11620.0,2019-10,1693.8563703073135,관악구
1827,11620.0,2019-11,1653.7434656782764,관악구
1828,11620.0,2019-12,1692.783472409528,관악구
1829,11650.0,2019-01,2612.124488795574,서초구
1830,11650.0,2019-02,2621.285992603532,서초구
1831,11650.0,2019-03,2346.2198550556113,서초구
1832,11650.0,2019-04,2448.009755704287,서초구
1833,11650.0,2019-05,2409.6960542653114,서초구
1834,11650.0,2019-06,2475.8068934743383,서초구
1835,11650.0,2019-07,2655.4775880165475,서초구
1836,11650.0,2019-08,2579.882066852497,서초구
1837,11650.0,2019-09,2564.7181648317746,서초구
1838,11650.0,2019-10,2616.469084715313,서초구
1839,11650.0,2019-11,2693.4564227101896,서초구
1840,11650.0,2019-12,2775.9095055306652,서초구
1841,11680.0,2019-01,2640.546717923752,강남구
1842,11680.0,2019-02,2533.4308158619497,강남구
1843,11680.0,2019-03,2526.4935091647912,강남구
1844,11680.0,2019-04,2521.455544493819,강남구
1845,11680.0,2019-05,2614.4288654423212,강남구
1846,11680.0,2019-06,2710.070143217576,강남구
1847,11680.0,2019-07,2713.198887945487,강남구
1848,11680.0,2019-08,2721.1790821113755,강남구
1849,11680.0,2019-09,2834.0815245782446,강남구
1850,11680.0,2019-10,2996.749969973859,강남구
1851,11680.0,2019-11,3084.3097215042185,강남구
1852,11680.0,2019-12,2963.2259434647785,강남구
1853,11710.0,2019-01,2285.462495881146,송파구
1854,11710.0,2019-02,2206.923131076653,송파구
1855,11710.0,2019-03,2249.14829962767,송파구
1856,11710.0,2019-04,2082.909826720046,송파구
1857,11710.0,2019-05,2243.6037501639034,송파구
1858,11710.0,2019-06,2306.684737132282,송파구
1859,11710.0,2019-07,2346.7159474061937,송파구
1860,11710.0,2019-08,2309.5949326151963,송파구
1861,11710.0,2019-09,2301.2782983952043,송파구
1862,11710.0,2019-10,2377.9940950732453,송파구
1863,11710.0,2019-11,2497.8357254929597,송파구
1864,11710.0,2019-12,2429.925821178987,송파구
1865,11740.0,2019-01,1926.7377422627517,강동구
1866,11740.0,2019-02,1814.371214466605,강동구
1867,11740.0,2019-03,1322.7221270352022,강동구
1868,11740.0,2019-04,1804.78198033953,강동구
1869,11740.0,2019-05,1679.7271766150745,강동구
1870,11740.0,2019-06,1725.2768326636656,강동구
1871,11740.0,2019-07,1892.9625798763814,강동구
1872,11740.0,2019-08,1903.7325112334954,강동구
1873,11740.0,2019-09,1867.1580355240112,강동구
1874,11740.0,2019-10,2007.142954420157,강동구
1875,11740.0,2019-11,1914.1027600076727,강동구
1876,11740.0,2019-12,1875.3853687571916,강동구
